diagnostic,exp,comparison,subset,auroc_C0,C0_lo,C0_hi,auroc_R,R_lo,R_hi,delta,delta_lo,delta_hi,n_test,condition,quality,auroc_transfer,auroc_refit,reals_flagged,n_reals,fakes_flagged,n_fakes,config_hash,code_version,seed_split,seed_bootstrap,note
D1,E1,pixel,all,0.6666220735785953,0.6221006435634595,0.7128465925904619,0.7770234113712374,0.7376249373915096,0.8135355169118024,0.11040133779264216,0.06584085202198836,0.15424653069282582,599.0,,,,,,,,,87f5489e9d59,d883e14,2026,20260914,EXPLORATORY post-hoc diagnostic (2026-09-30)
D1,E1,frequency,all,0.7549609810479375,0.716740289841551,0.7911864302444778,0.7553177257525083,0.7154031286556344,0.7942427882885142,0.00035674470457081053,-0.04459289336503013,0.047131764364868704,599.0,,,,,,,,,87f5489e9d59,d883e14,2026,20260914,EXPLORATORY post-hoc diagnostic (2026-09-30)
D1,E1,combined,all,0.79603121516165,0.7613166691570775,0.825974716872007,0.8019955406911928,0.7646385194008997,0.8383615392896574,0.0059643255295428466,-0.03603442391099179,0.04535094310262228,599.0,,,,,,,,,87f5489e9d59,d883e14,2026,20260914,EXPLORATORY post-hoc diagnostic (2026-09-30)
D1 arm difference,E1,pixel - frequency,all,,,,,,,-0.08833890746934225,-0.13042004083289763,-0.04459010715013026,599.0,C0,,,,,,,,87f5489e9d59,d883e14,2026,20260914,EXPLORATORY post-hoc diagnostic (2026-09-30)
D1 arm difference,E1,pixel - frequency,all,,,,,,,0.021705685618729098,-0.014567474048442932,0.055768699028448,599.0,R,,,,,,,,87f5489e9d59,d883e14,2026,20260914,EXPLORATORY post-hoc diagnostic (2026-09-30)
D1 arm difference,E1,combined - frequency,all,,,,,,,0.04107023411371247,0.018672990910753723,0.06385404426452485,599.0,C0,,,,,,,,87f5489e9d59,d883e14,2026,20260914,EXPLORATORY post-hoc diagnostic (2026-09-30)
D1 arm difference,E1,combined - frequency,all,,,,,,,0.0466778149386845,0.02619356467831808,0.06813858623214106,599.0,R,,,,,,,,87f5489e9d59,d883e14,2026,20260914,EXPLORATORY post-hoc diagnostic (2026-09-30)
D1,E1,pixel,biggan,0.8250501672240803,0.7780239592371037,0.8705324149540196,0.8438795986622074,0.8000076011636218,0.8885942249701511,0.018829431438127098,-0.03538065875553073,0.07320443871671274,599.0,,,,,,,,,87f5489e9d59,d883e14,2026,20260914,EXPLORATORY post-hoc diagnostic (2026-09-30)
D1,E1,frequency,biggan,0.9997993311036789,0.999300900095473,1.0,0.8282943143812709,0.7750750160179146,0.8747695479666798,-0.17150501672240803,-0.22450919445536174,-0.1250464205181408,599.0,,,,,,,,,87f5489e9d59,d883e14,2026,20260914,EXPLORATORY post-hoc diagnostic (2026-09-30)
D1,E1,combined,biggan,0.9934448160535118,0.9865144052696406,0.99837127058324,0.8898996655518394,0.8575537277783345,0.9240580602753569,-0.10354515050167235,-0.1353972867108329,-0.07001902391291542,599.0,,,,,,,,,87f5489e9d59,d883e14,2026,20260914,EXPLORATORY post-hoc diagnostic (2026-09-30)
D1 arm difference,E1,pixel - frequency,biggan,,,,,,,-0.1747491638795986,-0.22185100301301444,-0.12925574312499055,599.0,C0,,,,,,,,87f5489e9d59,d883e14,2026,20260914,EXPLORATORY post-hoc diagnostic (2026-09-30)
D1 arm difference,E1,pixel - frequency,biggan,,,,,,,0.015585284280936529,-0.038830221674533046,0.07079341746774467,599.0,R,,,,,,,,87f5489e9d59,d883e14,2026,20260914,EXPLORATORY post-hoc diagnostic (2026-09-30)
D1 arm difference,E1,combined - frequency,biggan,,,,,,,-0.006354515050167153,-0.012910106157842065,-0.001539024848807705,599.0,C0,,,,,,,,87f5489e9d59,d883e14,2026,20260914,EXPLORATORY post-hoc diagnostic (2026-09-30)
D1 arm difference,E1,combined - frequency,biggan,,,,,,,0.061605351170568534,0.02944571864375212,0.09970953920992744,599.0,R,,,,,,,,87f5489e9d59,d883e14,2026,20260914,EXPLORATORY post-hoc diagnostic (2026-09-30)
D1,E1,pixel,sd_v1_4,0.5826086956521739,0.5198009909406736,0.648851992804262,0.8146153846153846,0.7621141584341102,0.8653500345508531,0.23200668896321075,0.16234778832369243,0.30125625230592873,599.0,,,,,,,,,87f5489e9d59,d883e14,2026,20260914,EXPLORATORY post-hoc diagnostic (2026-09-30)
D1,E1,frequency,sd_v1_4,0.6392976588628763,0.5803033166969146,0.7014932473916408,0.7565886287625418,0.6965652769915336,0.8128861257623301,0.11729096989966559,0.033881033942138095,0.197836326498248,599.0,,,,,,,,,87f5489e9d59,d883e14,2026,20260914,EXPLORATORY post-hoc diagnostic (2026-09-30)
D1,E1,combined,sd_v1_4,0.714180602006689,0.6608631174791594,0.7650884648365842,0.8031772575250836,0.7518127193842171,0.8529738630707976,0.08899665551839464,0.016028016395914668,0.1610836416079129,599.0,,,,,,,,,87f5489e9d59,d883e14,2026,20260914,EXPLORATORY post-hoc diagnostic (2026-09-30)
D1 arm difference,E1,pixel - frequency,sd_v1_4,,,,,,,-0.05668896321070238,-0.13372402775758158,0.013566165113188847,599.0,C0,,,,,,,,87f5489e9d59,d883e14,2026,20260914,EXPLORATORY post-hoc diagnostic (2026-09-30)
D1 arm difference,E1,pixel - frequency,sd_v1_4,,,,,,,0.05802675585284278,0.010401081460234439,0.1128287827786548,599.0,R,,,,,,,,87f5489e9d59,d883e14,2026,20260914,EXPLORATORY post-hoc diagnostic (2026-09-30)
D1 arm difference,E1,combined - frequency,sd_v1_4,,,,,,,0.07488294314381272,0.03217019734597716,0.11474338142900471,599.0,C0,,,,,,,,87f5489e9d59,d883e14,2026,20260914,EXPLORATORY post-hoc diagnostic (2026-09-30)
D1 arm difference,E1,combined - frequency,sd_v1_4,,,,,,,0.04658862876254177,0.018834602918344538,0.07509822740935698,599.0,R,,,,,,,,87f5489e9d59,d883e14,2026,20260914,EXPLORATORY post-hoc diagnostic (2026-09-30)
D1,E1,pixel,adm,0.5922073578595318,0.5239229214413038,0.6581818907011165,0.6725752508361204,0.6123695270553255,0.7286453165015991,0.08036789297658853,0.0166689222107942,0.14220413090988757,599.0,,,,,,,,,87f5489e9d59,d883e14,2026,20260914,EXPLORATORY post-hoc diagnostic (2026-09-30)
D1,E1,frequency,adm,0.6257859531772575,0.5584628292595889,0.6921131548347781,0.6810702341137124,0.6205361646921914,0.7372207584830339,0.05528428093645488,-0.0034981185480995234,0.10913481433184306,599.0,,,,,,,,,87f5489e9d59,d883e14,2026,20260914,EXPLORATORY post-hoc diagnostic (2026-09-30)
D1,E1,combined,adm,0.6804682274247492,0.6186040335084493,0.7391929795396632,0.7129096989966556,0.6601781348583827,0.7681930171277997,0.032441471571906355,-0.03008864794109416,0.09207812628985255,599.0,,,,,,,,,87f5489e9d59,d883e14,2026,20260914,EXPLORATORY post-hoc diagnostic (2026-09-30)
D1 arm difference,E1,pixel - frequency,adm,,,,,,,-0.03357859531772567,-0.10249657137392243,0.031993121686648286,599.0,C0,,,,,,,,87f5489e9d59,d883e14,2026,20260914,EXPLORATORY post-hoc diagnostic (2026-09-30)
D1 arm difference,E1,pixel - frequency,adm,,,,,,,-0.008494983277592016,-0.06317373735446988,0.040785358669795574,599.0,R,,,,,,,,87f5489e9d59,d883e14,2026,20260914,EXPLORATORY post-hoc diagnostic (2026-09-30)
D1 arm difference,E1,combined - frequency,adm,,,,,,,0.054682274247491724,0.01703657599436292,0.09441816519631643,599.0,C0,,,,,,,,87f5489e9d59,d883e14,2026,20260914,EXPLORATORY post-hoc diagnostic (2026-09-30)
D1 arm difference,E1,combined - frequency,adm,,,,,,,0.0318394648829432,0.0018419861615245226,0.06286524933320638,599.0,R,,,,,,,,87f5489e9d59,d883e14,2026,20260914,EXPLORATORY post-hoc diagnostic (2026-09-30)
D1,E4,pixel,all,0.6544258639910814,0.6104281394295717,0.7016957238082213,0.7566332218506131,0.7155024847388446,0.7950788495031947,0.10220735785953172,0.06288551680530508,0.14031895300814826,599.0,,,,,,,,,87f5489e9d59,d883e14,2026,20260914,EXPLORATORY post-hoc diagnostic (2026-09-30)
D1,E4,frequency,all,0.7669565217391304,0.7295149920358496,0.8020249045490082,0.7491415830546265,0.7097388578521703,0.7901391964789061,-0.0178149386845039,-0.07009140791310375,0.03583603566590196,599.0,,,,,,,,,87f5489e9d59,d883e14,2026,20260914,EXPLORATORY post-hoc diagnostic (2026-09-30)
D1,E4,combined,all,0.7912709030100334,0.7566914405643929,0.8249028525784433,0.7927313266443701,0.7575443143812709,0.8284760608310645,0.0014604236343366273,-0.04694387020365162,0.04478691393105699,599.0,,,,,,,,,87f5489e9d59,d883e14,2026,20260914,EXPLORATORY post-hoc diagnostic (2026-09-30)
D1 arm difference,E4,pixel - frequency,all,,,,,,,-0.11253065774804905,-0.15475118149416078,-0.0723945506831281,599.0,C0,,,,,,,,87f5489e9d59,d883e14,2026,20260914,EXPLORATORY post-hoc diagnostic (2026-09-30)
D1 arm difference,E4,pixel - frequency,all,,,,,,,0.007491638795986577,-0.03429876432052241,0.04711754121553439,599.0,R,,,,,,,,87f5489e9d59,d883e14,2026,20260914,EXPLORATORY post-hoc diagnostic (2026-09-30)
D1 arm difference,E4,combined - frequency,all,,,,,,,0.024314381270903018,0.0030736681639568,0.04658518373598226,599.0,C0,,,,,,,,87f5489e9d59,d883e14,2026,20260914,EXPLORATORY post-hoc diagnostic (2026-09-30)
D1 arm difference,E4,combined - frequency,all,,,,,,,0.043589743589743546,0.022191771424164616,0.06494602997039632,599.0,R,,,,,,,,87f5489e9d59,d883e14,2026,20260914,EXPLORATORY post-hoc diagnostic (2026-09-30)
D1,E4,pixel,biggan,0.9194314381270903,0.8915763102553779,0.944397980898503,0.8085618729096989,0.76135530962009,0.8521446833686761,-0.11086956521739133,-0.15571641017676094,-0.07086822380011813,599.0,,,,,,,,,87f5489e9d59,d883e14,2026,20260914,EXPLORATORY post-hoc diagnostic (2026-09-30)
D1,E4,frequency,biggan,0.9977257525083612,0.9949634966731512,0.9996470688997305,0.8338461538461538,0.7803460010613368,0.8826331142170797,-0.16387959866220736,-0.21575675811994635,-0.1166270902125643,599.0,,,,,,,,,87f5489e9d59,d883e14,2026,20260914,EXPLORATORY post-hoc diagnostic (2026-09-30)
D1,E4,combined,biggan,0.9864214046822742,0.9715418363763904,0.9968073207953185,0.8915384615384615,0.8559637494854571,0.9249521182764604,-0.09488294314381274,-0.12548367349314313,-0.06436035112133952,599.0,,,,,,,,,87f5489e9d59,d883e14,2026,20260914,EXPLORATORY post-hoc diagnostic (2026-09-30)
D1 arm difference,E4,pixel - frequency,biggan,,,,,,,-0.07829431438127088,-0.10608850975523781,-0.053155381268690655,599.0,C0,,,,,,,,87f5489e9d59,d883e14,2026,20260914,EXPLORATORY post-hoc diagnostic (2026-09-30)
D1 arm difference,E4,pixel - frequency,biggan,,,,,,,-0.02528428093645485,-0.07953703633248262,0.027188169414232088,599.0,R,,,,,,,,87f5489e9d59,d883e14,2026,20260914,EXPLORATORY post-hoc diagnostic (2026-09-30)
D1 arm difference,E4,combined - frequency,biggan,,,,,,,-0.011304347826086913,-0.02442471189389005,-0.002074752784731465,599.0,C0,,,,,,,,87f5489e9d59,d883e14,2026,20260914,EXPLORATORY post-hoc diagnostic (2026-09-30)
D1 arm difference,E4,combined - frequency,biggan,,,,,,,0.05769230769230771,0.027763198919143535,0.09023001728688948,599.0,R,,,,,,,,87f5489e9d59,d883e14,2026,20260914,EXPLORATORY post-hoc diagnostic (2026-09-30)
D1,E4,pixel,sd_v1_4,0.4766220735785953,0.415228137620379,0.5434116972143411,0.7712040133779264,0.719793009262221,0.8230821310010213,0.2945819397993311,0.23501580993384266,0.3581549748373969,599.0,,,,,,,,,87f5489e9d59,d883e14,2026,20260914,EXPLORATORY post-hoc diagnostic (2026-09-30)
D1,E4,frequency,sd_v1_4,0.5623745819397993,0.49633662418742214,0.6296906771398028,0.7367892976588629,0.676249522737634,0.7970227990608425,0.17441471571906364,0.08301429110512232,0.26413840634690045,599.0,,,,,,,,,87f5489e9d59,d883e14,2026,20260914,EXPLORATORY post-hoc diagnostic (2026-09-30)
D1,E4,combined,sd_v1_4,0.635685618729097,0.5765596985580873,0.6964346600725437,0.7639464882943143,0.7083788906288654,0.8150244056385441,0.12826086956521732,0.04027825316264821,0.20759193719187122,599.0,,,,,,,,,87f5489e9d59,d883e14,2026,20260914,EXPLORATORY post-hoc diagnostic (2026-09-30)
D1 arm difference,E4,pixel - frequency,sd_v1_4,,,,,,,-0.08575250836120396,-0.15663762785662463,-0.01575584634041538,599.0,C0,,,,,,,,87f5489e9d59,d883e14,2026,20260914,EXPLORATORY post-hoc diagnostic (2026-09-30)
D1 arm difference,E4,pixel - frequency,sd_v1_4,,,,,,,0.034414715719063516,-0.029665007968044,0.09883674988982936,599.0,R,,,,,,,,87f5489e9d59,d883e14,2026,20260914,EXPLORATORY post-hoc diagnostic (2026-09-30)
D1 arm difference,E4,combined - frequency,sd_v1_4,,,,,,,0.07331103678929773,0.030492523372449204,0.11449563991751488,599.0,C0,,,,,,,,87f5489e9d59,d883e14,2026,20260914,EXPLORATORY post-hoc diagnostic (2026-09-30)
D1 arm difference,E4,combined - frequency,sd_v1_4,,,,,,,0.02715719063545141,-0.007656474672546707,0.05976113929126906,599.0,R,,,,,,,,87f5489e9d59,d883e14,2026,20260914,EXPLORATORY post-hoc diagnostic (2026-09-30)
D1,E4,pixel,adm,0.5672240802675586,0.5034972500747196,0.6319932030902158,0.690133779264214,0.6320123174725288,0.7452420461868353,0.12290969899665549,0.06766543280797237,0.17086729772387063,599.0,,,,,,,,,87f5489e9d59,d883e14,2026,20260914,EXPLORATORY post-hoc diagnostic (2026-09-30)
D1,E4,frequency,adm,0.7407692307692307,0.6854331353947702,0.7921784677402922,0.6767892976588629,0.6187449231227918,0.7323011842457784,-0.06397993311036787,-0.13184466374269002,0.0001506468628407914,599.0,,,,,,,,,87f5489e9d59,d883e14,2026,20260914,EXPLORATORY post-hoc diagnostic (2026-09-30)
D1,E4,combined,adm,0.7517056856187291,0.6982778201485184,0.8050645562773914,0.7227090301003345,0.6706784982318329,0.772216222139885,-0.028996655518394587,-0.09726177678474468,0.03300732006479449,599.0,,,,,,,,,87f5489e9d59,d883e14,2026,20260914,EXPLORATORY post-hoc diagnostic (2026-09-30)
D1 arm difference,E4,pixel - frequency,adm,,,,,,,-0.17354515050167219,-0.2385802062470865,-0.1091708519434071,599.0,C0,,,,,,,,87f5489e9d59,d883e14,2026,20260914,EXPLORATORY post-hoc diagnostic (2026-09-30)
D1 arm difference,E4,pixel - frequency,adm,,,,,,,0.013344481605351177,-0.04687938774895293,0.07352546831103732,599.0,R,,,,,,,,87f5489e9d59,d883e14,2026,20260914,EXPLORATORY post-hoc diagnostic (2026-09-30)
D1 arm difference,E4,combined - frequency,adm,,,,,,,0.010936454849498345,-0.02300246954086609,0.047382596430515324,599.0,C0,,,,,,,,87f5489e9d59,d883e14,2026,20260914,EXPLORATORY post-hoc diagnostic (2026-09-30)
D1 arm difference,E4,combined - frequency,adm,,,,,,,0.04591973244147163,0.012707844121282449,0.08125466388867442,599.0,R,,,,,,,,87f5489e9d59,d883e14,2026,20260914,EXPLORATORY post-hoc diagnostic (2026-09-30)
D1 univariate,,f01_var,biggan,0.33437215528781794,,,0.46247255689424366,,,,,,,,,,,,,,,87f5489e9d59,d883e14,2026,20260914,EXPLORATORY post-hoc diagnostic (2026-09-30)
D1 univariate,,f01_var,sd_v1_4,0.5158741633199464,,,0.6102516733601071,,,,,,,,,,,,,,,87f5489e9d59,d883e14,2026,20260914,EXPLORATORY post-hoc diagnostic (2026-09-30)
D1 univariate,,f01_var,adm,0.4804859437751004,,,0.48830923694779116,,,,,,,,,,,,,,,87f5489e9d59,d883e14,2026,20260914,EXPLORATORY post-hoc diagnostic (2026-09-30)
D1 univariate,,f02_skew,biggan,0.43594243641231595,,,0.4141191432396252,,,,,,,,,,,,,,,87f5489e9d59,d883e14,2026,20260914,EXPLORATORY post-hoc diagnostic (2026-09-30)
D1 univariate,,f02_skew,sd_v1_4,0.46255287817938423,,,0.45724364123159306,,,,,,,,,,,,,,,87f5489e9d59,d883e14,2026,20260914,EXPLORATORY post-hoc diagnostic (2026-09-30)
D1 univariate,,f02_skew,adm,0.4247536813922356,,,0.4452958500669344,,,,,,,,,,,,,,,87f5489e9d59,d883e14,2026,20260914,EXPLORATORY post-hoc diagnostic (2026-09-30)
D1 univariate,,f03_exkurt,biggan,0.5877550200803213,,,0.5154605087014725,,,,,,,,,,,,,,,87f5489e9d59,d883e14,2026,20260914,EXPLORATORY post-hoc diagnostic (2026-09-30)
D1 univariate,,f03_exkurt,sd_v1_4,0.5077483266398929,,,0.41113119143239624,,,,,,,,,,,,,,,87f5489e9d59,d883e14,2026,20260914,EXPLORATORY post-hoc diagnostic (2026-09-30)
D1 univariate,,f03_exkurt,adm,0.5151619812583668,,,0.4600174029451138,,,,,,,,,,,,,,,87f5489e9d59,d883e14,2026,20260914,EXPLORATORY post-hoc diagnostic (2026-09-30)
D1 univariate,,f04_grad_mean,biggan,0.23762248995983937,,,0.3887322623828648,,,,,,,,,,,,,,,87f5489e9d59,d883e14,2026,20260914,EXPLORATORY post-hoc diagnostic (2026-09-30)
D1 univariate,,f04_grad_mean,sd_v1_4,0.5883868808567604,,,0.4763413654618474,,,,,,,,,,,,,,,87f5489e9d59,d883e14,2026,20260914,EXPLORATORY post-hoc diagnostic (2026-09-30)
D1 univariate,,f04_grad_mean,adm,0.40493038821954486,,,0.3274471218206158,,,,,,,,,,,,,,,87f5489e9d59,d883e14,2026,20260914,EXPLORATORY post-hoc diagnostic (2026-09-30)
D1 univariate,,f05_grad_std,biggan,0.10352074966532798,,,0.3400160642570281,,,,,,,,,,,,,,,87f5489e9d59,d883e14,2026,20260914,EXPLORATORY post-hoc diagnostic (2026-09-30)
D1 univariate,,f05_grad_std,sd_v1_4,0.6157617135207497,,,0.466578313253012,,,,,,,,,,,,,,,87f5489e9d59,d883e14,2026,20260914,EXPLORATORY post-hoc diagnostic (2026-09-30)
D1 univariate,,f05_grad_std,adm,0.5387483266398929,,,0.3297764390896921,,,,,,,,,,,,,,,87f5489e9d59,d883e14,2026,20260914,EXPLORATORY post-hoc diagnostic (2026-09-30)
D1 univariate,,f06_lap_var,biggan,0.014286479250334673,,,0.2803199464524766,,,,,,,,,,,,,,,87f5489e9d59,d883e14,2026,20260914,EXPLORATORY post-hoc diagnostic (2026-09-30)
D1 univariate,,f06_lap_var,sd_v1_4,0.5472570281124498,,,0.364528781793842,,,,,,,,,,,,,,,87f5489e9d59,d883e14,2026,20260914,EXPLORATORY post-hoc diagnostic (2026-09-30)
D1 univariate,,f06_lap_var,adm,0.4048018741633199,,,0.27987550200803213,,,,,,,,,,,,,,,87f5489e9d59,d883e14,2026,20260914,EXPLORATORY post-hoc diagnostic (2026-09-30)
D1 univariate,,f07_hp_var,biggan,0.01969344042838019,,,0.2868607764390897,,,,,,,,,,,,,,,87f5489e9d59,d883e14,2026,20260914,EXPLORATORY post-hoc diagnostic (2026-09-30)
D1 univariate,,f07_hp_var,sd_v1_4,0.5567269076305221,,,0.37170816599732265,,,,,,,,,,,,,,,87f5489e9d59,d883e14,2026,20260914,EXPLORATORY post-hoc diagnostic (2026-09-30)
D1 univariate,,f07_hp_var,adm,0.4352530120481928,,,0.2817269076305221,,,,,,,,,,,,,,,87f5489e9d59,d883e14,2026,20260914,EXPLORATORY post-hoc diagnostic (2026-09-30)
D1 univariate,,f08_low,biggan,0.6507483266398929,,,0.5639812583668006,,,,,,,,,,,,,,,87f5489e9d59,d883e14,2026,20260914,EXPLORATORY post-hoc diagnostic (2026-09-30)
D1 univariate,,f08_low,sd_v1_4,0.41319277108433733,,,0.5758714859437751,,,,,,,,,,,,,,,87f5489e9d59,d883e14,2026,20260914,EXPLORATORY post-hoc diagnostic (2026-09-30)
D1 univariate,,f08_low,adm,0.6250267737617136,,,0.658512717536814,,,,,,,,,,,,,,,87f5489e9d59,d883e14,2026,20260914,EXPLORATORY post-hoc diagnostic (2026-09-30)
D1 univariate,,f09_mid,biggan,0.41364658634538154,,,0.44311914323962515,,,,,,,,,,,,,,,87f5489e9d59,d883e14,2026,20260914,EXPLORATORY post-hoc diagnostic (2026-09-30)
D1 univariate,,f09_mid,sd_v1_4,0.6002115127175368,,,0.4294538152610442,,,,,,,,,,,,,,,87f5489e9d59,d883e14,2026,20260914,EXPLORATORY post-hoc diagnostic (2026-09-30)
D1 univariate,,f09_mid,adm,0.3888755020080321,,,0.3445087014725569,,,,,,,,,,,,,,,87f5489e9d59,d883e14,2026,20260914,EXPLORATORY post-hoc diagnostic (2026-09-30)
D1 univariate,,f10_high,biggan,0.02846987951807229,,,0.27528112449799197,,,,,,,,,,,,,,,87f5489e9d59,d883e14,2026,20260914,EXPLORATORY post-hoc diagnostic (2026-09-30)
D1 univariate,,f10_high,sd_v1_4,0.5116519410977243,,,0.2807483266398929,,,,,,,,,,,,,,,87f5489e9d59,d883e14,2026,20260914,EXPLORATORY post-hoc diagnostic (2026-09-30)
D1 univariate,,f10_high,adm,0.3268714859437751,,,0.2912302543507363,,,,,,,,,,,,,,,87f5489e9d59,d883e14,2026,20260914,EXPLORATORY post-hoc diagnostic (2026-09-30)
D1 univariate,,f11_nyq_ratio,biggan,0.005927710843373494,,,0.6777550200803213,,,,,,,,,,,,,,,87f5489e9d59,d883e14,2026,20260914,EXPLORATORY post-hoc diagnostic (2026-09-30)
D1 univariate,,f11_nyq_ratio,sd_v1_4,0.3706546184738956,,,0.7137817938420348,,,,,,,,,,,,,,,87f5489e9d59,d883e14,2026,20260914,EXPLORATORY post-hoc diagnostic (2026-09-30)
D1 univariate,,f11_nyq_ratio,adm,0.5135502008032129,,,0.6004056224899599,,,,,,,,,,,,,,,87f5489e9d59,d883e14,2026,20260914,EXPLORATORY post-hoc diagnostic (2026-09-30)
D1 univariate,,f12_slope,biggan,0.0002396251673360107,,,0.147285140562249,,,,,,,,,,,,,,,87f5489e9d59,d883e14,2026,20260914,EXPLORATORY post-hoc diagnostic (2026-09-30)
D1 univariate,,f12_slope,sd_v1_4,0.3942463186077644,,,0.2812918340026774,,,,,,,,,,,,,,,87f5489e9d59,d883e14,2026,20260914,EXPLORATORY post-hoc diagnostic (2026-09-30)
D1 univariate,,f12_slope,adm,0.35892369477911645,,,0.3812423025435074,,,,,,,,,,,,,,,87f5489e9d59,d883e14,2026,20260914,EXPLORATORY post-hoc diagnostic (2026-09-30)
D1 univariate,,f13_aniso,biggan,0.5260709504685408,,,0.437140562248996,,,,,,,,,,,,,,,87f5489e9d59,d883e14,2026,20260914,EXPLORATORY post-hoc diagnostic (2026-09-30)
D1 univariate,,f13_aniso,sd_v1_4,0.5923480589022758,,,0.6156131191432396,,,,,,,,,,,,,,,87f5489e9d59,d883e14,2026,20260914,EXPLORATORY post-hoc diagnostic (2026-09-30)
D1 univariate,,f13_aniso,adm,0.5343574297188755,,,0.5207536813922357,,,,,,,,,,,,,,,87f5489e9d59,d883e14,2026,20260914,EXPLORATORY post-hoc diagnostic (2026-09-30)
D1 univariate,,f14_peak,biggan,0.5236586345381526,,,0.4549558232931727,,,,,,,,,,,,,,,87f5489e9d59,d883e14,2026,20260914,EXPLORATORY post-hoc diagnostic (2026-09-30)
D1 univariate,,f14_peak,sd_v1_4,0.43383534136546187,,,0.5406265060240963,,,,,,,,,,,,,,,87f5489e9d59,d883e14,2026,20260914,EXPLORATORY post-hoc diagnostic (2026-09-30)
D1 univariate,,f14_peak,adm,0.5324738955823293,,,0.5323132530120482,,,,,,,,,,,,,,,87f5489e9d59,d883e14,2026,20260914,EXPLORATORY post-hoc diagnostic (2026-09-30)
D2,E1 model on C0,pixel,all,,,,,,,,,,,,0.0,0.6655777777777778,0.6655777777777778,98.0,300.0,165.0,300.0,87f5489e9d59,d883e14,2026,20260914,EXPLORATORY post-hoc diagnostic (2026-09-30)
D2,E1 model on C0,pixel,biggan,,,,,,,,,,,,0.0,0.8241666666666667,0.8241666666666667,98.0,300.0,78.0,100.0,87f5489e9d59,d883e14,2026,20260914,EXPLORATORY post-hoc diagnostic (2026-09-30)
D2,E1 model on C0,pixel,sd_v1_4,,,,,,,,,,,,0.0,0.5814666666666667,0.5814666666666667,98.0,300.0,42.0,100.0,87f5489e9d59,d883e14,2026,20260914,EXPLORATORY post-hoc diagnostic (2026-09-30)
D2,E1 model on C0,pixel,adm,,,,,,,,,,,,0.0,0.5911,0.5911,98.0,300.0,45.0,100.0,87f5489e9d59,d883e14,2026,20260914,EXPLORATORY post-hoc diagnostic (2026-09-30)
D2,E1 model on q90,pixel,all,,,,,,,,,,,,90.0,0.6640666666666667,0.6610333333333334,91.0,300.0,161.0,300.0,87f5489e9d59,d883e14,2026,20260914,EXPLORATORY post-hoc diagnostic (2026-09-30)
D2,E1 model on q90,pixel,biggan,,,,,,,,,,,,90.0,0.8305333333333333,0.8222,91.0,300.0,78.0,100.0,87f5489e9d59,d883e14,2026,20260914,EXPLORATORY post-hoc diagnostic (2026-09-30)
D2,E1 model on q90,pixel,sd_v1_4,,,,,,,,,,,,90.0,0.5725333333333333,0.5797333333333333,91.0,300.0,38.0,100.0,87f5489e9d59,d883e14,2026,20260914,EXPLORATORY post-hoc diagnostic (2026-09-30)
D2,E1 model on q90,pixel,adm,,,,,,,,,,,,90.0,0.5891333333333333,0.5811666666666667,91.0,300.0,45.0,100.0,87f5489e9d59,d883e14,2026,20260914,EXPLORATORY post-hoc diagnostic (2026-09-30)
D2,E1 model on q75,pixel,all,,,,,,,,,,,,75.0,0.6543,0.6498,111.0,300.0,176.0,300.0,87f5489e9d59,d883e14,2026,20260914,EXPLORATORY post-hoc diagnostic (2026-09-30)
D2,E1 model on q75,pixel,biggan,,,,,,,,,,,,75.0,0.7935,0.7909666666666667,111.0,300.0,78.0,100.0,87f5489e9d59,d883e14,2026,20260914,EXPLORATORY post-hoc diagnostic (2026-09-30)
D2,E1 model on q75,pixel,sd_v1_4,,,,,,,,,,,,75.0,0.5781333333333334,0.5798666666666666,111.0,300.0,48.0,100.0,87f5489e9d59,d883e14,2026,20260914,EXPLORATORY post-hoc diagnostic (2026-09-30)
D2,E1 model on q75,pixel,adm,,,,,,,,,,,,75.0,0.5912666666666667,0.5785666666666667,111.0,300.0,50.0,100.0,87f5489e9d59,d883e14,2026,20260914,EXPLORATORY post-hoc diagnostic (2026-09-30)
D2,E1 model on q50,pixel,all,,,,,,,,,,,,50.0,0.6394222222222222,0.6408555555555555,157.0,300.0,203.0,300.0,87f5489e9d59,d883e14,2026,20260914,EXPLORATORY post-hoc diagnostic (2026-09-30)
D2,E1 model on q50,pixel,biggan,,,,,,,,,,,,50.0,0.7327666666666667,0.7672,157.0,300.0,78.0,100.0,87f5489e9d59,d883e14,2026,20260914,EXPLORATORY post-hoc diagnostic (2026-09-30)
D2,E1 model on q50,pixel,sd_v1_4,,,,,,,,,,,,50.0,0.595,0.5613,157.0,300.0,63.0,100.0,87f5489e9d59,d883e14,2026,20260914,EXPLORATORY post-hoc diagnostic (2026-09-30)
D2,E1 model on q50,pixel,adm,,,,,,,,,,,,50.0,0.5905,0.5940666666666666,157.0,300.0,62.0,100.0,87f5489e9d59,d883e14,2026,20260914,EXPLORATORY post-hoc diagnostic (2026-09-30)
D2,E1 model on C0,frequency,all,,,,,,,,,,,,0.0,0.7525,0.7525,14.0,300.0,125.0,300.0,87f5489e9d59,d883e14,2026,20260914,EXPLORATORY post-hoc diagnostic (2026-09-30)
D2,E1 model on C0,frequency,biggan,,,,,,,,,,,,0.0,0.9965666666666667,0.9965666666666667,14.0,300.0,100.0,100.0,87f5489e9d59,d883e14,2026,20260914,EXPLORATORY post-hoc diagnostic (2026-09-30)
D2,E1 model on C0,frequency,sd_v1_4,,,,,,,,,,,,0.0,0.6371666666666667,0.6371666666666667,14.0,300.0,7.0,100.0,87f5489e9d59,d883e14,2026,20260914,EXPLORATORY post-hoc diagnostic (2026-09-30)
D2,E1 model on C0,frequency,adm,,,,,,,,,,,,0.0,0.6237666666666667,0.6237666666666667,14.0,300.0,18.0,100.0,87f5489e9d59,d883e14,2026,20260914,EXPLORATORY post-hoc diagnostic (2026-09-30)
D2,E1 model on q90,frequency,all,,,,,,,,,,,,90.0,0.7504444444444445,0.7556555555555555,14.0,300.0,124.0,300.0,87f5489e9d59,d883e14,2026,20260914,EXPLORATORY post-hoc diagnostic (2026-09-30)
D2,E1 model on q90,frequency,biggan,,,,,,,,,,,,90.0,0.9914,0.9918666666666667,14.0,300.0,99.0,100.0,87f5489e9d59,d883e14,2026,20260914,EXPLORATORY post-hoc diagnostic (2026-09-30)
D2,E1 model on q90,frequency,sd_v1_4,,,,,,,,,,,,90.0,0.6362,0.6372,14.0,300.0,7.0,100.0,87f5489e9d59,d883e14,2026,20260914,EXPLORATORY post-hoc diagnostic (2026-09-30)
D2,E1 model on q90,frequency,adm,,,,,,,,,,,,90.0,0.6237333333333334,0.6379,14.0,300.0,18.0,100.0,87f5489e9d59,d883e14,2026,20260914,EXPLORATORY post-hoc diagnostic (2026-09-30)
D2,E1 model on q75,frequency,all,,,,,,,,,,,,75.0,0.7474666666666666,0.7574333333333333,16.0,300.0,124.0,300.0,87f5489e9d59,d883e14,2026,20260914,EXPLORATORY post-hoc diagnostic (2026-09-30)
D2,E1 model on q75,frequency,biggan,,,,,,,,,,,,75.0,0.9893666666666666,0.9912,16.0,300.0,99.0,100.0,87f5489e9d59,d883e14,2026,20260914,EXPLORATORY post-hoc diagnostic (2026-09-30)
D2,E1 model on q75,frequency,sd_v1_4,,,,,,,,,,,,75.0,0.6332,0.6483,16.0,300.0,7.0,100.0,87f5489e9d59,d883e14,2026,20260914,EXPLORATORY post-hoc diagnostic (2026-09-30)
D2,E1 model on q75,frequency,adm,,,,,,,,,,,,75.0,0.6198333333333333,0.6328,16.0,300.0,18.0,100.0,87f5489e9d59,d883e14,2026,20260914,EXPLORATORY post-hoc diagnostic (2026-09-30)
D2,E1 model on q50,frequency,all,,,,,,,,,,,,50.0,0.7449666666666667,0.7660444444444444,16.0,300.0,129.0,300.0,87f5489e9d59,d883e14,2026,20260914,EXPLORATORY post-hoc diagnostic (2026-09-30)
D2,E1 model on q50,frequency,biggan,,,,,,,,,,,,50.0,0.9872333333333333,0.9919333333333333,16.0,300.0,99.0,100.0,87f5489e9d59,d883e14,2026,20260914,EXPLORATORY post-hoc diagnostic (2026-09-30)
D2,E1 model on q50,frequency,sd_v1_4,,,,,,,,,,,,50.0,0.6316666666666667,0.6322666666666666,16.0,300.0,10.0,100.0,87f5489e9d59,d883e14,2026,20260914,EXPLORATORY post-hoc diagnostic (2026-09-30)
D2,E1 model on q50,frequency,adm,,,,,,,,,,,,50.0,0.616,0.6739333333333334,16.0,300.0,20.0,100.0,87f5489e9d59,d883e14,2026,20260914,EXPLORATORY post-hoc diagnostic (2026-09-30)
D2,E1 model on C0,combined,all,,,,,,,,,,,,0.0,0.7934666666666667,0.7934666666666667,37.0,300.0,157.0,300.0,87f5489e9d59,d883e14,2026,20260914,EXPLORATORY post-hoc diagnostic (2026-09-30)
D2,E1 model on C0,combined,biggan,,,,,,,,,,,,0.0,0.9902666666666666,0.9902666666666666,37.0,300.0,98.0,100.0,87f5489e9d59,d883e14,2026,20260914,EXPLORATORY post-hoc diagnostic (2026-09-30)
D2,E1 model on C0,combined,sd_v1_4,,,,,,,,,,,,0.0,0.7118,0.7118,37.0,300.0,26.0,100.0,87f5489e9d59,d883e14,2026,20260914,EXPLORATORY post-hoc diagnostic (2026-09-30)
D2,E1 model on C0,combined,adm,,,,,,,,,,,,0.0,0.6783333333333333,0.6783333333333333,37.0,300.0,33.0,100.0,87f5489e9d59,d883e14,2026,20260914,EXPLORATORY post-hoc diagnostic (2026-09-30)
D2,E1 model on q90,combined,all,,,,,,,,,,,,90.0,0.7820111111111111,0.7864666666666666,37.0,300.0,154.0,300.0,87f5489e9d59,d883e14,2026,20260914,EXPLORATORY post-hoc diagnostic (2026-09-30)
D2,E1 model on q90,combined,biggan,,,,,,,,,,,,90.0,0.9632333333333334,0.9719333333333333,37.0,300.0,96.0,100.0,87f5489e9d59,d883e14,2026,20260914,EXPLORATORY post-hoc diagnostic (2026-09-30)
D2,E1 model on q90,combined,sd_v1_4,,,,,,,,,,,,90.0,0.7099333333333333,0.7063333333333334,37.0,300.0,26.0,100.0,87f5489e9d59,d883e14,2026,20260914,EXPLORATORY post-hoc diagnostic (2026-09-30)
D2,E1 model on q90,combined,adm,,,,,,,,,,,,90.0,0.6728666666666666,0.6811333333333334,37.0,300.0,32.0,100.0,87f5489e9d59,d883e14,2026,20260914,EXPLORATORY post-hoc diagnostic (2026-09-30)
D2,E1 model on q75,combined,all,,,,,,,,,,,,75.0,0.7789555555555555,0.7906888888888889,39.0,300.0,153.0,300.0,87f5489e9d59,d883e14,2026,20260914,EXPLORATORY post-hoc diagnostic (2026-09-30)
D2,E1 model on q75,combined,biggan,,,,,,,,,,,,75.0,0.9599333333333333,0.9721333333333333,39.0,300.0,96.0,100.0,87f5489e9d59,d883e14,2026,20260914,EXPLORATORY post-hoc diagnostic (2026-09-30)
D2,E1 model on q75,combined,sd_v1_4,,,,,,,,,,,,75.0,0.7084,0.7039333333333333,39.0,300.0,25.0,100.0,87f5489e9d59,d883e14,2026,20260914,EXPLORATORY post-hoc diagnostic (2026-09-30)
D2,E1 model on q75,combined,adm,,,,,,,,,,,,75.0,0.6685333333333333,0.696,39.0,300.0,32.0,100.0,87f5489e9d59,d883e14,2026,20260914,EXPLORATORY post-hoc diagnostic (2026-09-30)
D2,E1 model on q50,combined,all,,,,,,,,,,,,50.0,0.7737555555555555,0.7938,42.0,300.0,155.0,300.0,87f5489e9d59,d883e14,2026,20260914,EXPLORATORY post-hoc diagnostic (2026-09-30)
D2,E1 model on q50,combined,biggan,,,,,,,,,,,,50.0,0.9549333333333333,0.9742666666666666,42.0,300.0,95.0,100.0,87f5489e9d59,d883e14,2026,20260914,EXPLORATORY post-hoc diagnostic (2026-09-30)
D2,E1 model on q50,combined,sd_v1_4,,,,,,,,,,,,50.0,0.7023666666666667,0.6982666666666667,42.0,300.0,28.0,100.0,87f5489e9d59,d883e14,2026,20260914,EXPLORATORY post-hoc diagnostic (2026-09-30)
D2,E1 model on q50,combined,adm,,,,,,,,,,,,50.0,0.6639666666666667,0.7088666666666666,42.0,300.0,32.0,100.0,87f5489e9d59,d883e14,2026,20260914,EXPLORATORY post-hoc diagnostic (2026-09-30)
