condition,class,radius_bin,log10_rel_power
C0,adm,1,-1.5193761428283945
C0,adm,2,-1.9991139717097597
C0,adm,3,-2.3855348623254353
C0,adm,4,-2.735429516914516
C0,adm,5,-2.961192041178482
C0,adm,6,-3.1566725465587258
C0,adm,7,-3.295542121953161
C0,adm,8,-3.4493081637921654
C0,adm,9,-3.603979854971461
C0,adm,10,-3.7166876462387717
C0,adm,11,-3.833257147322852
C0,adm,12,-3.9187525063323516
C0,adm,13,-4.018623578812151
C0,adm,14,-4.100070926811095
C0,adm,15,-4.1635180451141744
C0,adm,16,-4.261084531977535
C0,adm,17,-4.3422487511693735
C0,adm,18,-4.398085460713591
C0,adm,19,-4.457441129133458
C0,adm,20,-4.5100151672589925
C0,adm,21,-4.583698122674188
C0,adm,22,-4.632072120001306
C0,adm,23,-4.686906606391294
C0,adm,24,-4.7249947995460975
C0,adm,25,-4.787819561260072
C0,adm,26,-4.836029660199757
C0,adm,27,-4.875336511519442
C0,adm,28,-4.930758157794199
C0,adm,29,-4.969514916572982
C0,adm,30,-5.020870892229085
C0,adm,31,-5.057004699267362
C0,adm,32,-5.088507441426803
C0,adm,33,-5.138930742606206
C0,adm,34,-5.169821884488897
C0,adm,35,-5.209250635899434
C0,adm,36,-5.241756185085653
C0,adm,37,-5.281811769909067
C0,adm,38,-5.324253750051189
C0,adm,39,-5.353474896981038
C0,adm,40,-5.388225041101261
C0,adm,41,-5.415675095353768
C0,adm,42,-5.454295657630061
C0,adm,43,-5.485837930732975
C0,adm,44,-5.515086929330066
C0,adm,45,-5.549693647118656
C0,adm,46,-5.573228480315046
C0,adm,47,-5.610236479922545
C0,adm,48,-5.635726273477775
C0,adm,49,-5.659915328013024
C0,adm,50,-5.692972338353604
C0,adm,51,-5.716653787692077
C0,adm,52,-5.749374104242072
C0,adm,53,-5.768473738208613
C0,adm,54,-5.799508145205988
C0,adm,55,-5.827819074845881
C0,adm,56,-5.842752519033879
C0,adm,57,-5.875118700896993
C0,adm,58,-5.888093167351269
C0,adm,59,-5.925622689069456
C0,adm,60,-5.948382921862978
C0,adm,61,-5.963604048093664
C0,adm,62,-5.997215693702728
C0,adm,63,-6.011824096070159
C0,adm,64,-6.05209050862951
C0,adm,65,-6.064290038572141
C0,adm,66,-6.088105200961812
C0,adm,67,-6.115701873902567
C0,adm,68,-6.139409300363628
C0,adm,69,-6.162628438610129
C0,adm,70,-6.175942059100344
C0,adm,71,-6.193675943877083
C0,adm,72,-6.225933530124832
C0,adm,73,-6.238871774153449
C0,adm,74,-6.263268884073774
C0,adm,75,-6.276817617096789
C0,adm,76,-6.3001211770241525
C0,adm,77,-6.322318180704778
C0,adm,78,-6.341171736598671
C0,adm,79,-6.361815643677908
C0,adm,80,-6.377117225707383
C0,adm,81,-6.404202569555828
C0,adm,82,-6.425248786697207
C0,adm,83,-6.441344775213058
C0,adm,84,-6.458124472122331
C0,adm,85,-6.482169488883965
C0,adm,86,-6.498527075925798
C0,adm,87,-6.518359015524249
C0,adm,88,-6.535842407315135
C0,adm,89,-6.5585175637043465
C0,adm,90,-6.571159613259116
C0,adm,91,-6.591186779824099
C0,adm,92,-6.602102869278772
C0,adm,93,-6.621146097796734
C0,adm,94,-6.636776504879388
C0,adm,95,-6.658461522643654
C0,adm,96,-6.67482199655757
C0,adm,97,-6.691167941305828
C0,adm,98,-6.713383287952334
C0,adm,99,-6.719570243620061
C0,adm,100,-6.737102484519425
C0,adm,101,-6.746107306778729
C0,adm,102,-6.767921639814887
C0,adm,103,-6.783792210682853
C0,adm,104,-6.787736218931217
C0,adm,105,-6.810896316918868
C0,adm,106,-6.821685620861313
C0,adm,107,-6.832848278790622
C0,adm,108,-6.846267482448677
C0,adm,109,-6.85513996312689
C0,adm,110,-6.8757264426991735
C0,adm,111,-6.8806857382835105
C0,adm,112,-6.900003989594388
C0,adm,113,-6.9070163490789716
C0,adm,114,-6.9172725248033835
C0,adm,115,-6.933398631663852
C0,adm,116,-6.938435622133579
C0,adm,117,-6.952158862090272
C0,adm,118,-6.959596869483756
C0,adm,119,-6.970166303299895
C0,adm,120,-6.987578275159964
C0,adm,121,-6.984670831311275
C0,adm,122,-6.998725550957184
C0,adm,123,-7.005772124896115
C0,adm,124,-7.009151040465471
C0,adm,125,-7.019482161850965
C0,adm,126,-7.023391966338749
C0,adm,127,-7.038963860488085
C0,adm,128,-7.072139524201945
C0,biggan,1,-1.5374221292244261
C0,biggan,2,-2.021152090095696
C0,biggan,3,-2.4006975181474153
C0,biggan,4,-2.7139772453781403
C0,biggan,5,-2.9277270340287083
C0,biggan,6,-3.1053519058959496
C0,biggan,7,-3.2495534533280193
C0,biggan,8,-3.3817287686214286
C0,biggan,9,-3.536472516191782
C0,biggan,10,-3.639054736368145
C0,biggan,11,-3.7497347734340365
C0,biggan,12,-3.825698900873159
C0,biggan,13,-3.933880589686599
C0,biggan,14,-4.01090794498989
C0,biggan,15,-4.077000931826866
C0,biggan,16,-4.169792203355046
C0,biggan,17,-4.235939531586322
C0,biggan,18,-4.294375755126795
C0,biggan,19,-4.360384058696707
C0,biggan,20,-4.415599010283207
C0,biggan,21,-4.494689998816066
C0,biggan,22,-4.54124535701485
C0,biggan,23,-4.5897594096735395
C0,biggan,24,-4.666664566878411
C0,biggan,25,-4.732508604340815
C0,biggan,26,-4.789747833034815
C0,biggan,27,-4.827418046300256
C0,biggan,28,-4.874977499018775
C0,biggan,29,-4.908698881232045
C0,biggan,30,-4.956596892154387
C0,biggan,31,-5.03161109443216
C0,biggan,32,-5.086436518220237
C0,biggan,33,-5.131864294056597
C0,biggan,34,-5.182869707227056
C0,biggan,35,-5.235900712982433
C0,biggan,36,-5.284988002896202
C0,biggan,37,-5.329720456558975
C0,biggan,38,-5.377773504179463
C0,biggan,39,-5.4081499458914175
C0,biggan,40,-5.481734157387849
C0,biggan,41,-5.539283083114915
C0,biggan,42,-5.585023144042097
C0,biggan,43,-5.588862087338775
C0,biggan,44,-5.634032693832297
C0,biggan,45,-5.680127352800477
C0,biggan,46,-5.7457914573173845
C0,biggan,47,-5.773392690762281
C0,biggan,48,-5.823694118924894
C0,biggan,49,-5.9083577339071445
C0,biggan,50,-5.966358911513641
C0,biggan,51,-6.015135548897277
C0,biggan,52,-6.080322895441405
C0,biggan,53,-6.115565410979625
C0,biggan,54,-6.157008525777539
C0,biggan,55,-6.2142934385721125
C0,biggan,56,-6.250759957963882
C0,biggan,57,-6.246217221801959
C0,biggan,58,-6.3108764948121
C0,biggan,59,-6.365449262772891
C0,biggan,60,-6.4126601180518925
C0,biggan,61,-6.467569574485642
C0,biggan,62,-6.5319998890681115
C0,biggan,63,-6.604552458297284
C0,biggan,64,-6.6562293527715415
C0,biggan,65,-6.706720342084459
C0,biggan,66,-6.76914188529502
C0,biggan,67,-6.79893870412019
C0,biggan,68,-6.811920870591627
C0,biggan,69,-6.863410177017883
C0,biggan,70,-6.897107243066187
C0,biggan,71,-6.929195797883065
C0,biggan,72,-6.976365775879675
C0,biggan,73,-7.002705461045813
C0,biggan,74,-7.03065499052948
C0,biggan,75,-7.043594757985823
C0,biggan,76,-7.090170720867504
C0,biggan,77,-7.123889232861575
C0,biggan,78,-7.125688815025637
C0,biggan,79,-7.182781684671199
C0,biggan,80,-7.218167158867206
C0,biggan,81,-7.243826889012196
C0,biggan,82,-7.255859836525802
C0,biggan,83,-7.280687060618594
C0,biggan,84,-7.300738789369701
C0,biggan,85,-7.324621782896227
C0,biggan,86,-7.300685499085648
C0,biggan,87,-7.336964194202995
C0,biggan,88,-7.350630985897293
C0,biggan,89,-7.396101554362355
C0,biggan,90,-7.443783235068534
C0,biggan,91,-7.465256966655176
C0,biggan,92,-7.489547768113577
C0,biggan,93,-7.541541979130586
C0,biggan,94,-7.578850902306365
C0,biggan,95,-7.611267490145422
C0,biggan,96,-7.6702430724074455
C0,biggan,97,-7.737488980423649
C0,biggan,98,-7.816822715642722
C0,biggan,99,-7.845646169572944
C0,biggan,100,-7.89545919508948
C0,biggan,101,-7.914429484883844
C0,biggan,102,-8.003217007468338
C0,biggan,103,-8.095178808109523
C0,biggan,104,-8.149547557313754
C0,biggan,105,-8.230878623850414
C0,biggan,106,-8.284405604839629
C0,biggan,107,-8.35234037544361
C0,biggan,108,-8.417322277318208
C0,biggan,109,-8.46380764410886
C0,biggan,110,-8.561490340839086
C0,biggan,111,-8.626749558645134
C0,biggan,112,-8.701941768171624
C0,biggan,113,-8.743158556475143
C0,biggan,114,-8.818922539605365
C0,biggan,115,-8.885674367482643
C0,biggan,116,-8.96997961470279
C0,biggan,117,-9.02731568334564
C0,biggan,118,-9.080820595998896
C0,biggan,119,-9.128624160437138
C0,biggan,120,-9.135966680289224
C0,biggan,121,-9.187970342305242
C0,biggan,122,-9.21469306468784
C0,biggan,123,-9.271242150491181
C0,biggan,124,-9.267522889154987
C0,biggan,125,-9.282238858072798
C0,biggan,126,-9.298453086033097
C0,biggan,127,-9.297390010050561
C0,biggan,128,-9.336311471032214
C0,real,1,-1.5752154076963243
C0,real,2,-2.0366368773500807
C0,real,3,-2.4051756775690145
C0,real,4,-2.732177711229296
C0,real,5,-2.951106851993585
C0,real,6,-3.1461871614606096
C0,real,7,-3.293490508898974
C0,real,8,-3.4303370715725703
C0,real,9,-3.571786717411038
C0,real,10,-3.669844007157714
C0,real,11,-3.785615953157553
C0,real,12,-3.8642293386760347
C0,real,13,-3.9670941740973134
C0,real,14,-4.036014965471455
C0,real,15,-4.094213970479347
C0,real,16,-4.178462133863544
C0,real,17,-4.244746640364697
C0,real,18,-4.305649743868775
C0,real,19,-4.365187590875995
C0,real,20,-4.408082074573585
C0,real,21,-4.476103930490669
C0,real,22,-4.519781834781033
C0,real,23,-4.571372304798492
C0,real,24,-4.6095470259401825
C0,real,25,-4.659140433801779
C0,real,26,-4.702498178904483
C0,real,27,-4.740522553115381
C0,real,28,-4.783053468133651
C0,real,29,-4.813483694195912
C0,real,30,-4.859014289581593
C0,real,31,-4.887572420754991
C0,real,32,-4.917422007659526
C0,real,33,-4.956978350118458
C0,real,34,-4.990259182382155
C0,real,35,-5.021204667553381
C0,real,36,-5.0494986405726525
C0,real,37,-5.079964242227234
C0,real,38,-5.110807612838691
C0,real,39,-5.137465133068926
C0,real,40,-5.172234377999883
C0,real,41,-5.187400079112407
C0,real,42,-5.221687309787622
C0,real,43,-5.252557027181741
C0,real,44,-5.271636287020429
C0,real,45,-5.300023924696542
C0,real,46,-5.314805175523187
C0,real,47,-5.347269406226697
C0,real,48,-5.367962417702161
C0,real,49,-5.38822694705055
C0,real,50,-5.41587154068249
C0,real,51,-5.437923679096229
C0,real,52,-5.463953066879394
C0,real,53,-5.477739994737424
C0,real,54,-5.505997810215469
C0,real,55,-5.528366048179379
C0,real,56,-5.541337525534086
C0,real,57,-5.566692888353094
C0,real,58,-5.577215313965038
C0,real,59,-5.605392533171956
C0,real,60,-5.623891896869676
C0,real,61,-5.64073999682904
C0,real,62,-5.666712118108239
C0,real,63,-5.6729181770217885
C0,real,64,-5.700382873874452
C0,real,65,-5.7137023316611435
C0,real,66,-5.732906336936902
C0,real,67,-5.751161669770206
C0,real,68,-5.765179383318573
C0,real,69,-5.789413838819385
C0,real,70,-5.80303399184605
C0,real,71,-5.818941605078881
C0,real,72,-5.843216720676248
C0,real,73,-5.855327358779989
C0,real,74,-5.876902528785235
C0,real,75,-5.889684815537079
C0,real,76,-5.910170212167307
C0,real,77,-5.929072315014661
C0,real,78,-5.942075975628126
C0,real,79,-5.95847107425009
C0,real,80,-5.974830405009039
C0,real,81,-5.993723493115661
C0,real,82,-6.0074714157370765
C0,real,83,-6.024095569226661
C0,real,84,-6.04006629132223
C0,real,85,-6.059058920922488
C0,real,86,-6.073077575227124
C0,real,87,-6.088177740240999
C0,real,88,-6.1011419595967915
C0,real,89,-6.120350950917308
C0,real,90,-6.136866004103025
C0,real,91,-6.1547231872857555
C0,real,92,-6.169064563724553
C0,real,93,-6.1864920601096065
C0,real,94,-6.202453787736192
C0,real,95,-6.220500554060273
C0,real,96,-6.235396412988447
C0,real,97,-6.2515193276774115
C0,real,98,-6.271207117368968
C0,real,99,-6.282621083283822
C0,real,100,-6.302660622767823
C0,real,101,-6.315574672549295
C0,real,102,-6.333568043903142
C0,real,103,-6.350502491403753
C0,real,104,-6.363716004907975
C0,real,105,-6.382490092756761
C0,real,106,-6.396163522806429
C0,real,107,-6.413975905962046
C0,real,108,-6.430846163306261
C0,real,109,-6.444123243590623
C0,real,110,-6.462479469038934
C0,real,111,-6.473472026384705
C0,real,112,-6.489843381102976
C0,real,113,-6.506106853338921
C0,real,114,-6.520495929889332
C0,real,115,-6.536388641694218
C0,real,116,-6.551160916110747
C0,real,117,-6.564790028865863
C0,real,118,-6.578333130361112
C0,real,119,-6.591700460009575
C0,real,120,-6.606050648600631
C0,real,121,-6.616773512120488
C0,real,122,-6.629452473817292
C0,real,123,-6.642676738363701
C0,real,124,-6.650688485511772
C0,real,125,-6.663311032893293
C0,real,126,-6.672475100787155
C0,real,127,-6.686341540594415
C0,real,128,-6.713548610773927
C0,sd_v1_4,1,-1.8257236536839383
C0,sd_v1_4,2,-2.1298821461183537
C0,sd_v1_4,3,-2.408224510721861
C0,sd_v1_4,4,-2.6973442968980654
C0,sd_v1_4,5,-2.8842115673243196
C0,sd_v1_4,6,-3.066228667013447
C0,sd_v1_4,7,-3.1827760869817614
C0,sd_v1_4,8,-3.318499406339599
C0,sd_v1_4,9,-3.4718520096416707
C0,sd_v1_4,10,-3.5694064709282225
C0,sd_v1_4,11,-3.65847681077457
C0,sd_v1_4,12,-3.731826419152165
C0,sd_v1_4,13,-3.833117686792083
C0,sd_v1_4,14,-3.9215630298278965
C0,sd_v1_4,15,-3.982774991006983
C0,sd_v1_4,16,-4.071192698556629
C0,sd_v1_4,17,-4.143936696994552
C0,sd_v1_4,18,-4.205980137650045
C0,sd_v1_4,19,-4.262347929159721
C0,sd_v1_4,20,-4.302661993401508
C0,sd_v1_4,21,-4.385715447662765
C0,sd_v1_4,22,-4.42800285739664
C0,sd_v1_4,23,-4.47951963091539
C0,sd_v1_4,24,-4.518772298809261
C0,sd_v1_4,25,-4.57333121803629
C0,sd_v1_4,26,-4.610268306265271
C0,sd_v1_4,27,-4.6381731933130155
C0,sd_v1_4,28,-4.682302863597105
C0,sd_v1_4,29,-4.7097710524493355
C0,sd_v1_4,30,-4.765381343379972
C0,sd_v1_4,31,-4.797455640063635
C0,sd_v1_4,32,-4.82722555483043
C0,sd_v1_4,33,-4.868114235183711
C0,sd_v1_4,34,-4.903595331935876
C0,sd_v1_4,35,-4.935981214333702
C0,sd_v1_4,36,-4.959351640941446
C0,sd_v1_4,37,-4.9786933636083734
C0,sd_v1_4,38,-5.014924710194322
C0,sd_v1_4,39,-5.044818387356149
C0,sd_v1_4,40,-5.078365360161325
C0,sd_v1_4,41,-5.092777478349707
C0,sd_v1_4,42,-5.128027810817613
C0,sd_v1_4,43,-5.1617713958673885
C0,sd_v1_4,44,-5.180053684935504
C0,sd_v1_4,45,-5.213829115656008
C0,sd_v1_4,46,-5.224283279974264
C0,sd_v1_4,47,-5.254823948276564
C0,sd_v1_4,48,-5.272269891679553
C0,sd_v1_4,49,-5.2964942207513195
C0,sd_v1_4,50,-5.326531204692955
C0,sd_v1_4,51,-5.343715433328654
C0,sd_v1_4,52,-5.375142861243033
C0,sd_v1_4,53,-5.386220254302235
C0,sd_v1_4,54,-5.4166085586448895
C0,sd_v1_4,55,-5.4407094273968974
C0,sd_v1_4,56,-5.45476601309089
C0,sd_v1_4,57,-5.482388518878724
C0,sd_v1_4,58,-5.48991407368955
C0,sd_v1_4,59,-5.527803444448768
C0,sd_v1_4,60,-5.550563939181133
C0,sd_v1_4,61,-5.568303684620479
C0,sd_v1_4,62,-5.599439913074802
C0,sd_v1_4,63,-5.6020079763237955
C0,sd_v1_4,64,-5.634136793359986
C0,sd_v1_4,65,-5.648240032550049
C0,sd_v1_4,66,-5.673629708887116
C0,sd_v1_4,67,-5.692850075369929
C0,sd_v1_4,68,-5.708033435921581
C0,sd_v1_4,69,-5.729699548642699
C0,sd_v1_4,70,-5.744986640512985
C0,sd_v1_4,71,-5.765137699831842
C0,sd_v1_4,72,-5.787984637226212
C0,sd_v1_4,73,-5.796727098848695
C0,sd_v1_4,74,-5.82140159184404
C0,sd_v1_4,75,-5.835123258580774
C0,sd_v1_4,76,-5.858724451930976
C0,sd_v1_4,77,-5.876416790099522
C0,sd_v1_4,78,-5.889558393881465
C0,sd_v1_4,79,-5.907678714159309
C0,sd_v1_4,80,-5.923640854281022
C0,sd_v1_4,81,-5.94541754017125
C0,sd_v1_4,82,-5.9633812676021725
C0,sd_v1_4,83,-5.9773018308730546
C0,sd_v1_4,84,-5.9918390303519615
C0,sd_v1_4,85,-6.011702425422158
C0,sd_v1_4,86,-6.027747987200078
C0,sd_v1_4,87,-6.048673707003344
C0,sd_v1_4,88,-6.059951152127325
C0,sd_v1_4,89,-6.081219862668021
C0,sd_v1_4,90,-6.0963153494808315
C0,sd_v1_4,91,-6.114804382034559
C0,sd_v1_4,92,-6.135702578127994
C0,sd_v1_4,93,-6.155499401565159
C0,sd_v1_4,94,-6.169815451345884
C0,sd_v1_4,95,-6.190954956247962
C0,sd_v1_4,96,-6.209506415503734
C0,sd_v1_4,97,-6.2255512465576635
C0,sd_v1_4,98,-6.24428475936842
C0,sd_v1_4,99,-6.254592652323137
C0,sd_v1_4,100,-6.274097992623974
C0,sd_v1_4,101,-6.287970077017351
C0,sd_v1_4,102,-6.313394102483948
C0,sd_v1_4,103,-6.332887935937031
C0,sd_v1_4,104,-6.342549198701275
C0,sd_v1_4,105,-6.361496113447725
C0,sd_v1_4,106,-6.381941071771989
C0,sd_v1_4,107,-6.400112409626983
C0,sd_v1_4,108,-6.415111834618245
C0,sd_v1_4,109,-6.431719451017988
C0,sd_v1_4,110,-6.453626457670956
C0,sd_v1_4,111,-6.469003156450529
C0,sd_v1_4,112,-6.490616728109959
C0,sd_v1_4,113,-6.504646512416656
C0,sd_v1_4,114,-6.521764493237275
C0,sd_v1_4,115,-6.541635225488384
C0,sd_v1_4,116,-6.556740332744757
C0,sd_v1_4,117,-6.575092098782888
C0,sd_v1_4,118,-6.592948974651745
C0,sd_v1_4,119,-6.607934446082794
C0,sd_v1_4,120,-6.624676785942848
C0,sd_v1_4,121,-6.635483722581083
C0,sd_v1_4,122,-6.655966981697216
C0,sd_v1_4,123,-6.673119482766871
C0,sd_v1_4,124,-6.686632612254159
C0,sd_v1_4,125,-6.70076975543035
C0,sd_v1_4,126,-6.707481775692943
C0,sd_v1_4,127,-6.720653831854525
C0,sd_v1_4,128,-6.7553334280065895
R,adm,1,-1.4800514994443144
R,adm,2,-1.9706769319665327
R,adm,3,-2.357549080060258
R,adm,4,-2.710332962210772
R,adm,5,-2.979331903345771
R,adm,6,-3.1867332633865004
R,adm,7,-3.337851231445024
R,adm,8,-3.4969341027970056
R,adm,9,-3.653576005629749
R,adm,10,-3.7567915431914445
R,adm,11,-3.8874052417027323
R,adm,12,-3.9789273572453037
R,adm,13,-4.090181102467002
R,adm,14,-4.177800848739554
R,adm,15,-4.249441051473045
R,adm,16,-4.345228844853137
R,adm,17,-4.429740286360307
R,adm,18,-4.504834148019508
R,adm,19,-4.574535146142608
R,adm,20,-4.632989942130406
R,adm,21,-4.723719574975688
R,adm,22,-4.778690236496802
R,adm,23,-4.843313816042128
R,adm,24,-4.899631569075459
R,adm,25,-4.9613563176837285
R,adm,26,-5.021758388102476
R,adm,27,-5.071918818753179
R,adm,28,-5.131591680221218
R,adm,29,-5.170372237861411
R,adm,30,-5.239896869275871
R,adm,31,-5.285003386487221
R,adm,32,-5.337873305863215
R,adm,33,-5.397128485030589
R,adm,34,-5.453321666613732
R,adm,35,-5.4985226624035555
R,adm,36,-5.544938160946142
R,adm,37,-5.590429236519206
R,adm,38,-5.645690076371831
R,adm,39,-5.686322853001119
R,adm,40,-5.742575740720996
R,adm,41,-5.786731528307594
R,adm,42,-5.8370346129068125
R,adm,43,-5.886654826855417
R,adm,44,-5.930172024050693
R,adm,45,-5.983825183045833
R,adm,46,-6.014751141491524
R,adm,47,-6.065685996388137
R,adm,48,-6.114491038789446
R,adm,49,-6.159080616185839
R,adm,50,-6.208453023813656
R,adm,51,-6.2502427242195475
R,adm,52,-6.2978837961709395
R,adm,53,-6.335751926244406
R,adm,54,-6.377666157360825
R,adm,55,-6.423687403811241
R,adm,56,-6.466192655691908
R,adm,57,-6.513676495463821
R,adm,58,-6.546649684425361
R,adm,59,-6.597840310444899
R,adm,60,-6.636036100319063
R,adm,61,-6.6714517426204205
R,adm,62,-6.71520135890307
R,adm,63,-6.746924079525975
R,adm,64,-6.796703255384588
R,adm,65,-6.825647530300729
R,adm,66,-6.86163597771098
R,adm,67,-6.900718508129313
R,adm,68,-6.929703479394851
R,adm,69,-6.967352470664166
R,adm,70,-6.994200284948141
R,adm,71,-7.022316952973098
R,adm,72,-7.064582222830872
R,adm,73,-7.079683739063267
R,adm,74,-7.114113678938943
R,adm,75,-7.144255345481803
R,adm,76,-7.177261246341862
R,adm,77,-7.2095429579402985
R,adm,78,-7.2333858247625695
R,adm,79,-7.267028883219851
R,adm,80,-7.294455631232788
R,adm,81,-7.326871017447385
R,adm,82,-7.3551623997983455
R,adm,83,-7.382483016458007
R,adm,84,-7.406182089156277
R,adm,85,-7.444981553057621
R,adm,86,-7.472704972452616
R,adm,87,-7.5018207859511605
R,adm,88,-7.5315725414933095
R,adm,89,-7.570740285412611
R,adm,90,-7.600867909418921
R,adm,91,-7.6420702992946525
R,adm,92,-7.6740863225790505
R,adm,93,-7.720839095022295
R,adm,94,-7.752057775463979
R,adm,95,-7.793057399681876
R,adm,96,-7.83215267483668
R,adm,97,-7.871667491893462
R,adm,98,-7.930007759690613
R,adm,99,-7.954028960795657
R,adm,100,-8.00620456293941
R,adm,101,-8.051593037273433
R,adm,102,-8.115906250113552
R,adm,103,-8.164261316861133
R,adm,104,-8.205992994275732
R,adm,105,-8.26785467040716
R,adm,106,-8.311417210571443
R,adm,107,-8.371287367670396
R,adm,108,-8.43140536824299
R,adm,109,-8.485580322130087
R,adm,110,-8.550373090707716
R,adm,111,-8.59476338276934
R,adm,112,-8.653438876381617
R,adm,113,-8.710900294724777
R,adm,114,-8.76787300424878
R,adm,115,-8.818208417491666
R,adm,116,-8.870898055060959
R,adm,117,-8.913299236287813
R,adm,118,-8.953484680604697
R,adm,119,-8.99332550835451
R,adm,120,-9.02071463735788
R,adm,121,-9.05016877826119
R,adm,122,-9.068970384726624
R,adm,123,-9.09441628286413
R,adm,124,-9.094020301320906
R,adm,125,-9.097283463339062
R,adm,126,-9.0946955497571
R,adm,127,-9.081067426793659
R,adm,128,-9.15216560917309
R,biggan,1,-1.5374221292244261
R,biggan,2,-2.021152090095696
R,biggan,3,-2.4006975181474153
R,biggan,4,-2.7139772453781403
R,biggan,5,-2.9277270340287083
R,biggan,6,-3.1053519058959496
R,biggan,7,-3.2495534533280193
R,biggan,8,-3.3817287686214286
R,biggan,9,-3.536472516191782
R,biggan,10,-3.639054736368145
R,biggan,11,-3.7497347734340365
R,biggan,12,-3.825698900873159
R,biggan,13,-3.933880589686599
R,biggan,14,-4.01090794498989
R,biggan,15,-4.077000931826866
R,biggan,16,-4.169792203355046
R,biggan,17,-4.235939531586322
R,biggan,18,-4.294375755126795
R,biggan,19,-4.360384058696707
R,biggan,20,-4.415599010283207
R,biggan,21,-4.494689998816066
R,biggan,22,-4.54124535701485
R,biggan,23,-4.5897594096735395
R,biggan,24,-4.666664566878411
R,biggan,25,-4.732508604340815
R,biggan,26,-4.789747833034815
R,biggan,27,-4.827418046300256
R,biggan,28,-4.874977499018775
R,biggan,29,-4.908698881232045
R,biggan,30,-4.956596892154387
R,biggan,31,-5.03161109443216
R,biggan,32,-5.086436518220237
R,biggan,33,-5.131864294056597
R,biggan,34,-5.182869707227056
R,biggan,35,-5.235900712982433
R,biggan,36,-5.284988002896202
R,biggan,37,-5.329720456558975
R,biggan,38,-5.377773504179463
R,biggan,39,-5.4081499458914175
R,biggan,40,-5.481734157387849
R,biggan,41,-5.539283083114915
R,biggan,42,-5.585023144042097
R,biggan,43,-5.588862087338775
R,biggan,44,-5.634032693832297
R,biggan,45,-5.680127352800477
R,biggan,46,-5.7457914573173845
R,biggan,47,-5.773392690762281
R,biggan,48,-5.823694118924894
R,biggan,49,-5.9083577339071445
R,biggan,50,-5.966358911513641
R,biggan,51,-6.015135548897277
R,biggan,52,-6.080322895441405
R,biggan,53,-6.115565410979625
R,biggan,54,-6.157008525777539
R,biggan,55,-6.2142934385721125
R,biggan,56,-6.250759957963882
R,biggan,57,-6.246217221801959
R,biggan,58,-6.3108764948121
R,biggan,59,-6.365449262772891
R,biggan,60,-6.4126601180518925
R,biggan,61,-6.467569574485642
R,biggan,62,-6.5319998890681115
R,biggan,63,-6.604552458297284
R,biggan,64,-6.6562293527715415
R,biggan,65,-6.706720342084459
R,biggan,66,-6.76914188529502
R,biggan,67,-6.79893870412019
R,biggan,68,-6.811920870591627
R,biggan,69,-6.863410177017883
R,biggan,70,-6.897107243066187
R,biggan,71,-6.929195797883065
R,biggan,72,-6.976365775879675
R,biggan,73,-7.002705461045813
R,biggan,74,-7.03065499052948
R,biggan,75,-7.043594757985823
R,biggan,76,-7.090170720867504
R,biggan,77,-7.123889232861575
R,biggan,78,-7.125688815025637
R,biggan,79,-7.182781684671199
R,biggan,80,-7.218167158867206
R,biggan,81,-7.243826889012196
R,biggan,82,-7.255859836525802
R,biggan,83,-7.280687060618594
R,biggan,84,-7.300738789369701
R,biggan,85,-7.324621782896227
R,biggan,86,-7.300685499085648
R,biggan,87,-7.336964194202995
R,biggan,88,-7.350630985897293
R,biggan,89,-7.396101554362355
R,biggan,90,-7.443783235068534
R,biggan,91,-7.465256966655176
R,biggan,92,-7.489547768113577
R,biggan,93,-7.541541979130586
R,biggan,94,-7.578850902306365
R,biggan,95,-7.611267490145422
R,biggan,96,-7.6702430724074455
R,biggan,97,-7.737488980423649
R,biggan,98,-7.816822715642722
R,biggan,99,-7.845646169572944
R,biggan,100,-7.89545919508948
R,biggan,101,-7.914429484883844
R,biggan,102,-8.003217007468338
R,biggan,103,-8.095178808109523
R,biggan,104,-8.149547557313754
R,biggan,105,-8.230878623850414
R,biggan,106,-8.284405604839629
R,biggan,107,-8.35234037544361
R,biggan,108,-8.417322277318208
R,biggan,109,-8.46380764410886
R,biggan,110,-8.561490340839086
R,biggan,111,-8.626749558645134
R,biggan,112,-8.701941768171624
R,biggan,113,-8.743158556475143
R,biggan,114,-8.818922539605365
R,biggan,115,-8.885674367482643
R,biggan,116,-8.96997961470279
R,biggan,117,-9.02731568334564
R,biggan,118,-9.080820595998896
R,biggan,119,-9.128624160437138
R,biggan,120,-9.135966680289224
R,biggan,121,-9.187970342305242
R,biggan,122,-9.21469306468784
R,biggan,123,-9.271242150491181
R,biggan,124,-9.267522889154987
R,biggan,125,-9.282238858072798
R,biggan,126,-9.298453086033097
R,biggan,127,-9.297390010050561
R,biggan,128,-9.336311471032214
R,real,1,-1.5387297375170408
R,real,2,-2.0360457588629974
R,real,3,-2.4381714029980333
R,real,4,-2.781358616310873
R,real,5,-3.0066957688161264
R,real,6,-3.2030482104705547
R,real,7,-3.3589466452682974
R,real,8,-3.4880537095255364
R,real,9,-3.619801939543683
R,real,10,-3.723899382440132
R,real,11,-3.8343685142766857
R,real,12,-3.906705676817
R,real,13,-3.997339339186744
R,real,14,-4.073543980061548
R,real,15,-4.139353415246146
R,real,16,-4.2280675795094185
R,real,17,-4.293530135001351
R,real,18,-4.351746122994363
R,real,19,-4.407712574755207
R,real,20,-4.451199466801213
R,real,21,-4.515635102979078
R,real,22,-4.5568148441320435
R,real,23,-4.605622291590032
R,real,24,-4.64576508946969
R,real,25,-4.686386070618847
R,real,26,-4.734389585634233
R,real,27,-4.768791040575529
R,real,28,-4.805406334780767
R,real,29,-4.8339462716495865
R,real,30,-4.870465097709486
R,real,31,-4.900950434673317
R,real,32,-4.929130196532794
R,real,33,-4.971155034606839
R,real,34,-5.008472391114592
R,real,35,-5.0430239841406586
R,real,36,-5.072614739912772
R,real,37,-5.108988559200799
R,real,38,-5.147086362277068
R,real,39,-5.179219786974262
R,real,40,-5.215353453710676
R,real,41,-5.2462658885506315
R,real,42,-5.282539798621554
R,real,43,-5.320079184524809
R,real,44,-5.355263891341709
R,real,45,-5.391605497136083
R,real,46,-5.427929041421705
R,real,47,-5.465223876203655
R,real,48,-5.504815492423584
R,real,49,-5.544379516806454
R,real,50,-5.582683586871772
R,real,51,-5.630464334478376
R,real,52,-5.672101130161307
R,real,53,-5.718410951509239
R,real,54,-5.757205817604387
R,real,55,-5.804713974493456
R,real,56,-5.852877753585337
R,real,57,-5.892659554930006
R,real,58,-5.940187738678671
R,real,59,-5.983840222893922
R,real,60,-6.029767379391161
R,real,61,-6.080223788944757
R,real,62,-6.115551750133224
R,real,63,-6.167811792246451
R,real,64,-6.208614816013238
R,real,65,-6.2531712160377575
R,real,66,-6.2980381557558385
R,real,67,-6.328475918304105
R,real,68,-6.372025810985149
R,real,69,-6.405586776599728
R,real,70,-6.439405526442455
R,real,71,-6.469352989251988
R,real,72,-6.504979148502075
R,real,73,-6.5313546950212835
R,real,74,-6.562785445908098
R,real,75,-6.586353662995971
R,real,76,-6.617251275661674
R,real,77,-6.645603249568534
R,real,78,-6.666201182804223
R,real,79,-6.697219094533204
R,real,80,-6.724149912682222
R,real,81,-6.756410628541666
R,real,82,-6.78032601557439
R,real,83,-6.811886794105565
R,real,84,-6.838601375772139
R,real,85,-6.871236835430811
R,real,86,-6.9104993990438865
R,real,87,-6.941865396890582
R,real,88,-6.981083463466554
R,real,89,-7.022092218774586
R,real,90,-7.055823011687994
R,real,91,-7.110005848289499
R,real,92,-7.1452231592499045
R,real,93,-7.196760467027874
R,real,94,-7.236499919339862
R,real,95,-7.285319021903793
R,real,96,-7.334451045416273
R,real,97,-7.384634404416569
R,real,98,-7.447934922577153
R,real,99,-7.493756545736148
R,real,100,-7.556649884870427
R,real,101,-7.610241699571198
R,real,102,-7.676537701943679
R,real,103,-7.745278580870486
R,real,104,-7.799407478235094
R,real,105,-7.867195760854102
R,real,106,-7.925391341683759
R,real,107,-7.993172501250055
R,real,108,-8.057815002048812
R,real,109,-8.123417010417047
R,real,110,-8.190193540333416
R,real,111,-8.253182266768686
R,real,112,-8.316519235145599
R,real,113,-8.378794598759592
R,real,114,-8.449859902296577
R,real,115,-8.49929447104596
R,real,116,-8.570314387517122
R,real,117,-8.614166484230148
R,real,118,-8.67341320798213
R,real,119,-8.732032202156095
R,real,120,-8.761568470543525
R,real,121,-8.821129490419239
R,real,122,-8.839478123811846
R,real,123,-8.894895384892985
R,real,124,-8.912967965858817
R,real,125,-8.93890228523064
R,real,126,-8.9708525645369
R,real,127,-8.981214997334282
R,real,128,-9.026612585688968
R,sd_v1_4,1,-1.5845074482769779
R,sd_v1_4,2,-2.060834993649964
R,sd_v1_4,3,-2.451087520777551
R,sd_v1_4,4,-2.8163627565581097
R,sd_v1_4,5,-3.0483190826985376
R,sd_v1_4,6,-3.260736835181502
R,sd_v1_4,7,-3.3925084464343005
R,sd_v1_4,8,-3.5295813558682316
R,sd_v1_4,9,-3.677652806680697
R,sd_v1_4,10,-3.7766776725963336
R,sd_v1_4,11,-3.8782273889047083
R,sd_v1_4,12,-3.951726748212927
R,sd_v1_4,13,-4.0591619395460725
R,sd_v1_4,14,-4.136271830171382
R,sd_v1_4,15,-4.201949391586117
R,sd_v1_4,16,-4.290592407528526
R,sd_v1_4,17,-4.368775292694987
R,sd_v1_4,18,-4.434862990806226
R,sd_v1_4,19,-4.477103259598131
R,sd_v1_4,20,-4.5231963252850775
R,sd_v1_4,21,-4.5883675206801176
R,sd_v1_4,22,-4.636417679310528
R,sd_v1_4,23,-4.6872238726438935
R,sd_v1_4,24,-4.737937454802319
R,sd_v1_4,25,-4.780183228452668
R,sd_v1_4,26,-4.829675236771884
R,sd_v1_4,27,-4.871138850991674
R,sd_v1_4,28,-4.927864842375191
R,sd_v1_4,29,-4.974765635327456
R,sd_v1_4,30,-5.039301170270046
R,sd_v1_4,31,-5.0832182123383625
R,sd_v1_4,32,-5.129342257270122
R,sd_v1_4,33,-5.1808018038630435
R,sd_v1_4,34,-5.23492141433012
R,sd_v1_4,35,-5.28136392075575
R,sd_v1_4,36,-5.330034439402758
R,sd_v1_4,37,-5.372673045439659
R,sd_v1_4,38,-5.428505178809997
R,sd_v1_4,39,-5.476465157483666
R,sd_v1_4,40,-5.528008739947078
R,sd_v1_4,41,-5.574452114040538
R,sd_v1_4,42,-5.631374864672974
R,sd_v1_4,43,-5.685157784821999
R,sd_v1_4,44,-5.734389648236987
R,sd_v1_4,45,-5.7927428476900165
R,sd_v1_4,46,-5.8461903917904445
R,sd_v1_4,47,-5.907545661802055
R,sd_v1_4,48,-5.968114560986904
R,sd_v1_4,49,-6.027888778905946
R,sd_v1_4,50,-6.081615843333958
R,sd_v1_4,51,-6.1359670062530745
R,sd_v1_4,52,-6.196129139233907
R,sd_v1_4,53,-6.248376851397813
R,sd_v1_4,54,-6.301386082955713
R,sd_v1_4,55,-6.352130628474974
R,sd_v1_4,56,-6.40255786538234
R,sd_v1_4,57,-6.452812606515221
R,sd_v1_4,58,-6.495889950297092
R,sd_v1_4,59,-6.5479262265729465
R,sd_v1_4,60,-6.591659769657054
R,sd_v1_4,61,-6.638310428998588
R,sd_v1_4,62,-6.680793721896511
R,sd_v1_4,63,-6.709168603600588
R,sd_v1_4,64,-6.733804896204446
R,sd_v1_4,65,-6.7911826490037095
R,sd_v1_4,66,-6.842463976168227
R,sd_v1_4,67,-6.877551396437082
R,sd_v1_4,68,-6.905488940144876
R,sd_v1_4,69,-6.9464277941348325
R,sd_v1_4,70,-6.971776560695585
R,sd_v1_4,71,-6.998676288702421
R,sd_v1_4,72,-7.037120049672195
R,sd_v1_4,73,-7.054399055059675
R,sd_v1_4,74,-7.091667761330833
R,sd_v1_4,75,-7.1137748202255615
R,sd_v1_4,76,-7.142007967721829
R,sd_v1_4,77,-7.169522352465604
R,sd_v1_4,78,-7.185699906513788
R,sd_v1_4,79,-7.215324580642773
R,sd_v1_4,80,-7.2329063213618605
R,sd_v1_4,81,-7.260873922903767
R,sd_v1_4,82,-7.286433095502819
R,sd_v1_4,83,-7.310251546443925
R,sd_v1_4,84,-7.330582642654002
R,sd_v1_4,85,-7.359899841248011
R,sd_v1_4,86,-7.385491798005126
R,sd_v1_4,87,-7.40921769629605
R,sd_v1_4,88,-7.43184570374968
R,sd_v1_4,89,-7.4719445939813784
R,sd_v1_4,90,-7.488332029932755
R,sd_v1_4,91,-7.528487252535338
R,sd_v1_4,92,-7.556566322354496
R,sd_v1_4,93,-7.600743464324161
R,sd_v1_4,94,-7.63736929445488
R,sd_v1_4,95,-7.684685963971933
R,sd_v1_4,96,-7.723852163983948
R,sd_v1_4,97,-7.7608661546637805
R,sd_v1_4,98,-7.823090279275212
R,sd_v1_4,99,-7.8391246701962745
R,sd_v1_4,100,-7.895105784487699
R,sd_v1_4,101,-7.935039661916002
R,sd_v1_4,102,-8.00420974282837
R,sd_v1_4,103,-8.056656976557422
R,sd_v1_4,104,-8.095932873380061
R,sd_v1_4,105,-8.169339294530106
R,sd_v1_4,106,-8.222920851782778
R,sd_v1_4,107,-8.284707020472723
R,sd_v1_4,108,-8.354495954644815
R,sd_v1_4,109,-8.410478911684546
R,sd_v1_4,110,-8.500706609150802
R,sd_v1_4,111,-8.54877964194593
R,sd_v1_4,112,-8.617891971727618
R,sd_v1_4,113,-8.677883078868506
R,sd_v1_4,114,-8.744414770975647
R,sd_v1_4,115,-8.812107229913297
R,sd_v1_4,116,-8.865525491810061
R,sd_v1_4,117,-8.9292033990656
R,sd_v1_4,118,-8.988480228105947
R,sd_v1_4,119,-9.039694086722168
R,sd_v1_4,120,-9.080079910259437
R,sd_v1_4,121,-9.114870508037322
R,sd_v1_4,122,-9.145460985088103
R,sd_v1_4,123,-9.17925898351556
R,sd_v1_4,124,-9.19164386984115
R,sd_v1_4,125,-9.208955113723484
R,sd_v1_4,126,-9.21934031959184
R,sd_v1_4,127,-9.222186478282765
R,sd_v1_4,128,-9.26088505629585
