image_id,label,subset,reason
3b97b69a6a61970b,real,BigGAN,non_srgb_profile
eb292d173016ada7,real,BigGAN,non_srgb_profile
6c0fe00a2469c203,real,BigGAN,non_srgb_profile
92f71aab5f152e76,real,BigGAN,non_srgb_profile
97212241613b6a47,real,BigGAN,non_srgb_profile
75814f22db21eb56,real,BigGAN,non_srgb_profile
d6092d82356e5ba6,real,BigGAN,non_srgb_profile
bccc817684299f8b,real,BigGAN,non_srgb_profile
84cdd911fba18432,real,BigGAN,non_srgb_profile
78f8968f8a8e5e01,real,BigGAN,non_srgb_profile
07c6db30289ecc42,real,BigGAN,non_srgb_profile
8aa127afb479db91,real,BigGAN,non_srgb_profile
637e2afdb66e9b31,real,BigGAN,non_srgb_profile
003d5546f71ab97a,real,BigGAN,non_srgb_profile
c2d86955ee56d9c8,real,BigGAN,non_srgb_profile
18b0e4da96e61e04,real,BigGAN,non_srgb_profile
619008c4d1412d61,real,BigGAN,non_srgb_profile
324fd5a950aecd71,real,BigGAN,non_srgb_profile
4d57baa171672759,real,BigGAN,non_srgb_profile
33201ede0171dc1c,real,BigGAN,non_srgb_profile
0d01446cd80ebe79,real,BigGAN,non_srgb_profile
7a6dbd8914fdf3c6,real,BigGAN,non_srgb_profile
fd18dd9a9e38e8d4,real,BigGAN,non_srgb_profile
d5a8aaa0d0194c9d,real,BigGAN,non_srgb_profile
d653dadd316f7f14,real,BigGAN,non_srgb_profile
946ab81578f2d20e,real,BigGAN,non_srgb_profile
50baac2e40bede45,real,BigGAN,non_srgb_profile
a01f227219b958e4,real,BigGAN,non_srgb_profile
9cc1003a5443e694,real,BigGAN,non_srgb_profile
4b838521064095aa,real,BigGAN,non_srgb_profile
d078028d3aa7da42,real,BigGAN,non_srgb_profile
3c6cfc8220ea7f4f,real,BigGAN,non_srgb_profile
d7d85f2210ea371a,real,BigGAN,non_srgb_profile
cce2016baa4cf354,real,BigGAN,non_srgb_profile
fcc8e639419fd052,real,BigGAN,non_srgb_profile
766609d5b9dea011,real,BigGAN,non_srgb_profile
74da60737a066d88,real,BigGAN,non_srgb_profile
d10b25b34b866bf6,real,BigGAN,non_srgb_profile
4818a9e17e037ebe,real,BigGAN,non_srgb_profile
5018f9e97d992507,real,BigGAN,non_srgb_profile
604c52c420d103d4,real,BigGAN,non_srgb_profile
11beed38cdc9e99d,real,BigGAN,non_srgb_profile
a73b8987383c7a4d,real,BigGAN,non_srgb_profile
ded11027d2f98c13,real,BigGAN,non_srgb_profile
20458d7c134588d2,real,BigGAN,non_srgb_profile
bf202bb7a0677fdd,real,BigGAN,non_srgb_profile
66aa3fa8badf4c3c,real,BigGAN,non_srgb_profile
06a8379b4d63a969,real,BigGAN,non_srgb_profile
d7968368f38b7044,real,BigGAN,non_srgb_profile
85a006615378ecac,real,BigGAN,non_srgb_profile
31e0fa63acd4fb12,real,BigGAN,non_srgb_profile
8ff6e63139565906,real,BigGAN,non_srgb_profile
494b5f455181eb2d,real,BigGAN,non_srgb_profile
6032b4213288903e,real,BigGAN,non_srgb_profile
5b8d88d3ccfa1dcd,real,BigGAN,non_srgb_profile
9f2d1966e65f4e67,real,BigGAN,non_srgb_profile
c0b3923988bd9bdc,real,BigGAN,non_srgb_profile
732218af40b96fd0,real,BigGAN,non_srgb_profile
e00ae31b1393ea28,real,BigGAN,non_srgb_profile
96c119a72033401e,real,BigGAN,non_srgb_profile
b43e83f0183a6606,real,BigGAN,non_srgb_profile
96b2f92509f6cedf,real,BigGAN,non_srgb_profile
5020da1a15d440eb,real,BigGAN,non_srgb_profile
8830d1b1f108a0b1,real,BigGAN,non_srgb_profile
f3933ce4a8787627,real,BigGAN,non_srgb_profile
c40c9a3dad0fbd35,real,BigGAN,non_srgb_profile
74c5642cf536df8b,real,BigGAN,non_srgb_profile
b055bf54669798a8,real,BigGAN,non_srgb_profile
ef58e11c10b6fbe6,real,BigGAN,non_srgb_profile
22474c566ff5329e,real,BigGAN,non_srgb_profile
e265b9e84342a316,real,BigGAN,non_srgb_profile
6e89765ee327b252,real,BigGAN,non_srgb_profile
4a521a6c76c59f97,real,BigGAN,non_srgb_profile
8b3686180b97978e,real,BigGAN,non_srgb_profile
cc7af1aa944a44d6,real,BigGAN,non_srgb_profile
3147910003b69dff,real,BigGAN,non_srgb_profile
30f560abfea710b1,real,BigGAN,non_srgb_profile
20f2622e77005da7,real,BigGAN,non_srgb_profile
7cec20e946f87566,real,BigGAN,non_srgb_profile
5f24400da4b0d278,real,BigGAN,non_srgb_profile
dae45e79578cf5df,real,BigGAN,non_srgb_profile
051de8a85bc8ae58,real,BigGAN,non_srgb_profile
dcc189c58c520b9e,real,BigGAN,non_srgb_profile
3548ed03115e873d,real,BigGAN,non_srgb_profile
eac8e9eca15fb72f,real,BigGAN,non_srgb_profile
e91c2835ac88e669,real,BigGAN,non_srgb_profile
4e7b3abeff601674,real,BigGAN,non_srgb_profile
8fb5c30c6715de69,real,BigGAN,non_srgb_profile
71000cf7f8908418,real,BigGAN,non_srgb_profile
9aa7039282438e1b,real,BigGAN,non_srgb_profile
643275f1ca15126d,real,BigGAN,non_srgb_profile
81aef4a845229bff,real,stable_diffusion_v_1_4,non_srgb_profile
2c68a63009178cab,real,stable_diffusion_v_1_4,non_srgb_profile
1d075057c4573155,real,stable_diffusion_v_1_4,non_srgb_profile
79dce2ad2475b72e,real,stable_diffusion_v_1_4,non_srgb_profile
cf71cefae65feec5,real,stable_diffusion_v_1_4,non_srgb_profile
7e1977e673ac9451,real,stable_diffusion_v_1_4,non_srgb_profile
2c76c28bcbf5ab3f,real,stable_diffusion_v_1_4,non_srgb_profile
f7086d64f368ad2a,real,stable_diffusion_v_1_4,non_srgb_profile
4b2c48124dc7dced,real,stable_diffusion_v_1_4,non_srgb_profile
9ad3039fc10b4b88,real,stable_diffusion_v_1_4,non_srgb_profile
2a1a0b6178f093b4,real,stable_diffusion_v_1_4,non_srgb_profile
8443ecf3c86f2a33,real,stable_diffusion_v_1_4,non_srgb_profile
4c16a9fae3aa46b3,real,stable_diffusion_v_1_4,non_srgb_profile
b2f81cc0ee116450,real,stable_diffusion_v_1_4,non_srgb_profile
cc32079e4efa1028,real,stable_diffusion_v_1_4,non_srgb_profile
cda7d201c496690e,real,stable_diffusion_v_1_4,non_srgb_profile
bef995052f1ab028,real,stable_diffusion_v_1_4,non_srgb_profile
2c90b8ac7a70d7c0,real,stable_diffusion_v_1_4,non_srgb_profile
c40abc3a01fae729,real,stable_diffusion_v_1_4,non_srgb_profile
bfd6d69a60436830,real,stable_diffusion_v_1_4,non_srgb_profile
ca7cd5a0ad399af8,real,stable_diffusion_v_1_4,non_srgb_profile
4a264afa233c413c,real,stable_diffusion_v_1_4,non_srgb_profile
8c50e13db943e87d,real,stable_diffusion_v_1_4,non_srgb_profile
9068ee510bd85c61,real,stable_diffusion_v_1_4,non_srgb_profile
89ec533470974b01,real,stable_diffusion_v_1_4,non_srgb_profile
80c636dde86df5e2,real,stable_diffusion_v_1_4,non_srgb_profile
304f2aebad546a10,real,stable_diffusion_v_1_4,non_srgb_profile
6c22109b7e0fdbf3,real,stable_diffusion_v_1_4,non_srgb_profile
a137ec822a354e30,real,stable_diffusion_v_1_4,non_srgb_profile
515dbef97392bce5,real,stable_diffusion_v_1_4,non_srgb_profile
2c46970df4478696,real,stable_diffusion_v_1_4,non_srgb_profile
1ed1da4c2881b0b5,real,stable_diffusion_v_1_4,non_srgb_profile
de1c0f5e7a4a8294,real,stable_diffusion_v_1_4,non_srgb_profile
5174964a11dc3920,real,stable_diffusion_v_1_4,non_srgb_profile
8fe6aa366adb2cc5,real,stable_diffusion_v_1_4,non_srgb_profile
651720f36d1b944f,real,stable_diffusion_v_1_4,non_srgb_profile
ddb2f8b6564fc522,real,stable_diffusion_v_1_4,non_srgb_profile
ecaf0f17b226bde1,real,stable_diffusion_v_1_4,non_srgb_profile
4ac89cda0bba58fe,real,stable_diffusion_v_1_4,non_srgb_profile
8ca6fb9d64d9d869,real,stable_diffusion_v_1_4,non_srgb_profile
2765445eb09803f4,real,stable_diffusion_v_1_4,non_srgb_profile
fa4ad5f382f959ae,real,stable_diffusion_v_1_4,non_srgb_profile
1275fbda3d7c0701,real,stable_diffusion_v_1_4,non_srgb_profile
23b53dfd87ef34d0,real,stable_diffusion_v_1_4,non_srgb_profile
609e24b4cc0da9c4,real,stable_diffusion_v_1_4,non_srgb_profile
522bd4a581160820,real,stable_diffusion_v_1_4,non_srgb_profile
68881ec01847d056,real,stable_diffusion_v_1_4,non_srgb_profile
3eac1d49deaf4536,real,stable_diffusion_v_1_4,non_srgb_profile
ec3a831800e11693,real,stable_diffusion_v_1_4,non_srgb_profile
99a03c7fd23adf9a,real,stable_diffusion_v_1_4,non_srgb_profile
c9f06fa4b9501010,real,stable_diffusion_v_1_4,non_srgb_profile
b709c8714f9c6a6c,real,stable_diffusion_v_1_4,non_srgb_profile
021b3c481ca066e0,real,stable_diffusion_v_1_4,non_srgb_profile
599e2096977c0e3d,real,stable_diffusion_v_1_4,non_srgb_profile
029bc975fac5867a,real,stable_diffusion_v_1_4,non_srgb_profile
05006345805089e9,real,stable_diffusion_v_1_4,non_srgb_profile
ad253cd9cd6354db,real,stable_diffusion_v_1_4,non_srgb_profile
68ebb445ea812b27,real,stable_diffusion_v_1_4,non_srgb_profile
77f28e7771267f6e,real,stable_diffusion_v_1_4,non_srgb_profile
240fec9f8c9b9213,real,stable_diffusion_v_1_4,non_srgb_profile
2a1fede71f34c347,real,stable_diffusion_v_1_4,non_srgb_profile
53cce818955912a9,real,stable_diffusion_v_1_4,non_srgb_profile
8347648e200e0781,real,stable_diffusion_v_1_4,non_srgb_profile
866261c90ec911f0,real,stable_diffusion_v_1_4,non_srgb_profile
0f45eae83fd86a2b,real,stable_diffusion_v_1_4,non_srgb_profile
0b8f73aabff00f35,real,stable_diffusion_v_1_4,non_srgb_profile
a3c0208a16c7f2c3,real,stable_diffusion_v_1_4,non_srgb_profile
94af02d2f8546dd5,real,stable_diffusion_v_1_4,non_srgb_profile
8cc77920149af34a,real,stable_diffusion_v_1_4,non_srgb_profile
5ed8ea81c2ddf12f,real,stable_diffusion_v_1_4,non_srgb_profile
a6eb0626b7d89fa4,real,stable_diffusion_v_1_4,non_srgb_profile
974b9dfecf8005f1,real,stable_diffusion_v_1_4,non_srgb_profile
a37cf5791414f5ca,real,stable_diffusion_v_1_4,non_srgb_profile
a73a666517becec9,real,stable_diffusion_v_1_4,non_srgb_profile
e166f13164868f4d,real,stable_diffusion_v_1_4,non_srgb_profile
873de09cde000c15,real,stable_diffusion_v_1_4,non_srgb_profile
1e2e6c32c8c4afb9,real,stable_diffusion_v_1_4,non_srgb_profile
5161199861deed74,real,stable_diffusion_v_1_4,non_srgb_profile
056e95ad2be723fa,real,stable_diffusion_v_1_4,non_srgb_profile
70220f1c8230c0aa,real,stable_diffusion_v_1_4,non_srgb_profile
666d18cd6606f14b,real,stable_diffusion_v_1_4,non_srgb_profile
ad0c110a289df12d,real,stable_diffusion_v_1_4,non_srgb_profile
e003fc36c1c98480,real,stable_diffusion_v_1_4,non_srgb_profile
69e2421bf4dfe151,real,stable_diffusion_v_1_4,non_srgb_profile
28a3ad2c572ebe7a,real,stable_diffusion_v_1_4,non_srgb_profile
f9255a419ba98aae,real,stable_diffusion_v_1_4,non_srgb_profile
431c16ca488c1c3a,real,stable_diffusion_v_1_4,unreadable_OSError
51d004d422c68950,real,stable_diffusion_v_1_4,non_srgb_profile
01c480db682704dc,real,stable_diffusion_v_1_4,non_srgb_profile
fee095d40d3ade94,real,ADM,non_srgb_profile
9e9c27381c09d15f,real,ADM,non_srgb_profile
bf2d0333bed4dd7d,real,ADM,non_srgb_profile
8ebdc59bf797ad59,real,ADM,non_srgb_profile
bc1bf3e708e6104c,real,ADM,non_srgb_profile
30b70f7c337417ae,real,ADM,non_srgb_profile
b6467f55e0d9146c,real,ADM,non_srgb_profile
f8551c22a20285e2,real,ADM,non_srgb_profile
aa42a7b535d98295,real,ADM,non_srgb_profile
dfe5ff7c19c147e9,real,ADM,non_srgb_profile
0ff3db4facca5d84,real,ADM,non_srgb_profile
3c0813452b20f9bc,real,ADM,non_srgb_profile
edd883d447a0024a,real,ADM,non_srgb_profile
7e05fb428da8a7d1,real,ADM,non_srgb_profile
2eda52715082092a,real,ADM,non_srgb_profile
53388d8ef12ae5b4,real,ADM,non_srgb_profile
e138ed35f457f14a,real,ADM,non_srgb_profile
6ce2af9f5fda797d,real,ADM,non_srgb_profile
b2202ef624c4049a,real,ADM,non_srgb_profile
26ca06295d01fb8e,real,ADM,non_srgb_profile
bb3a7dca05d43e79,real,ADM,non_srgb_profile
73f767c5141565a1,real,ADM,non_srgb_profile
ee56275a5e032831,real,ADM,non_srgb_profile
c0b1dc702eb03832,real,ADM,non_srgb_profile
f7d509e01edc6ef6,real,ADM,non_srgb_profile
19b14840f8c3e287,real,ADM,non_srgb_profile
e17dee9fa85d7fec,real,ADM,non_srgb_profile
f3749519aa755b49,real,ADM,non_srgb_profile
26f53598af869105,real,ADM,non_srgb_profile
69488dea20a433b9,real,ADM,non_srgb_profile
c83674dc598e2d80,real,ADM,non_srgb_profile
81ea46b1dcdeeb1d,real,ADM,non_srgb_profile
e3735a5e3d875453,real,ADM,non_srgb_profile
4deae73194b99df2,real,ADM,non_srgb_profile
f28fb1ebb716410e,real,ADM,non_srgb_profile
e14529b59c64726a,real,ADM,non_srgb_profile
bba3ae5dd654a9fd,real,ADM,non_srgb_profile
92517652186fa24b,real,ADM,non_srgb_profile
e4339db3bbcb7272,real,ADM,non_srgb_profile
81dedc91542ddbec,real,ADM,non_srgb_profile
98d88924a4455199,real,ADM,non_srgb_profile
342cb058f51f5d03,real,ADM,non_srgb_profile
e242fcb1c92ee28e,real,ADM,non_srgb_profile
966d3a95486e2d1c,real,ADM,non_srgb_profile
4a6921ec5114d3a4,real,ADM,non_srgb_profile
a65d12e0e05122a1,real,ADM,non_srgb_profile
8c53b8a96c8be34b,real,ADM,non_srgb_profile
cff746c9f51affbc,real,ADM,non_srgb_profile
2a427c12261573e8,real,ADM,non_srgb_profile
b5b8197b52f58d60,real,ADM,non_srgb_profile
3361c61b2ad0c06a,real,ADM,non_srgb_profile
15955af7f8382674,real,ADM,non_srgb_profile
9db05dabbae0dd1f,real,ADM,non_srgb_profile
1e64409964e63bae,real,ADM,non_srgb_profile
2b02be8735ceddf2,real,ADM,non_srgb_profile
7eef06958e9261c2,real,ADM,non_srgb_profile
cb2d72b044d9f59a,real,ADM,non_srgb_profile
e271d9b396a5bbf5,real,ADM,non_srgb_profile
c46488452ab854f0,real,ADM,non_srgb_profile
39a5f391abc1b6c0,real,ADM,non_srgb_profile
142beb1135e9c008,real,ADM,non_srgb_profile
8e59e3bc691a583c,real,ADM,non_srgb_profile
5de1d5e5e19c903d,real,ADM,non_srgb_profile
25ba8b97f9a022be,real,ADM,non_srgb_profile
