exp,control,auroc,auroc_sd,balanced_accuracy,rounds,config_hash,code_version,seed_split,seed_bootstrap
E1,always_guess,0.5,0.0,0.5,1,87f5489e9d59,87dcf4f,2026,20260914
E1,history_only,0.5,0.0,0.5,1,87f5489e9d59,87dcf4f,2026,20260914
E1,shuffled_labels,0.5066029444444444,0.0919806314923164,0.5262333333333333,200,87f5489e9d59,87dcf4f,2026,20260914
E1,pre_receipt_history (exploratory),1.0,0.0,1.0,1,87f5489e9d59,87dcf4f,2026,20260914
E2,always_guess,0.5,0.0,0.5,1,87f5489e9d59,87dcf4f,2026,20260914
E2,history_only,1.0,0.0,1.0,1,87f5489e9d59,87dcf4f,2026,20260914
E2,shuffled_labels,0.5168324444444444,0.09163566417390444,0.5317333333333333,200,87f5489e9d59,87dcf4f,2026,20260914
E2,pre_receipt_history (exploratory),1.0,0.0,1.0,1,87f5489e9d59,87dcf4f,2026,20260914
E3_q90,always_guess,0.5,0.0,0.5,1,87f5489e9d59,87dcf4f,2026,20260914
E3_q90,history_only,0.5,0.0,0.5,1,87f5489e9d59,87dcf4f,2026,20260914
E3_q90,shuffled_labels,0.5062022222222222,0.08796906560663074,0.5245833333333334,200,87f5489e9d59,87dcf4f,2026,20260914
E3_q90,pre_receipt_history (exploratory),1.0,0.0,1.0,1,87f5489e9d59,87dcf4f,2026,20260914
E3_q75,always_guess,0.5,0.0,0.5,1,87f5489e9d59,87dcf4f,2026,20260914
E3_q75,history_only,0.5,0.0,0.5,1,87f5489e9d59,87dcf4f,2026,20260914
E3_q75,shuffled_labels,0.5025012777777778,0.09308233049081792,0.525025,200,87f5489e9d59,87dcf4f,2026,20260914
E3_q75,pre_receipt_history (exploratory),1.0,0.0,1.0,1,87f5489e9d59,87dcf4f,2026,20260914
E3_q50,always_guess,0.5,0.0,0.5,1,87f5489e9d59,87dcf4f,2026,20260914
E3_q50,history_only,0.5,0.0,0.5,1,87f5489e9d59,87dcf4f,2026,20260914
E3_q50,shuffled_labels,0.5208448888888888,0.09557591658292725,0.5350333333333332,200,87f5489e9d59,87dcf4f,2026,20260914
E3_q50,pre_receipt_history (exploratory),1.0,0.0,1.0,1,87f5489e9d59,87dcf4f,2026,20260914
E4,always_guess,0.5,0.0,0.5,1,87f5489e9d59,87dcf4f,2026,20260914
E4,history_only,0.5,0.0,0.5,1,87f5489e9d59,87dcf4f,2026,20260914
E4,shuffled_labels,0.5027863333333333,0.0861157005781276,0.5256416666666667,200,87f5489e9d59,87dcf4f,2026,20260914
E4,pre_receipt_history (exploratory),1.0,0.0,0.8333333333333333,1,87f5489e9d59,87dcf4f,2026,20260914
E5,always_guess,0.5,0.0,0.5,1,87f5489e9d59,87dcf4f,2026,20260914
E5,history_only,0.5,0.0,0.5,1,87f5489e9d59,87dcf4f,2026,20260914
E5,shuffled_labels,0.5126941666666667,0.0839528365754168,0.5280583333333334,200,87f5489e9d59,87dcf4f,2026,20260914
E5,pre_receipt_history (exploratory),1.0,0.0,0.8333333333333333,1,87f5489e9d59,87dcf4f,2026,20260914
