exp,arm,subset,auroc,auroc_lo,auroc_hi,balanced_accuracy,bacc_lo,bacc_hi,config_hash,code_version,seed_split,seed_bootstrap
E1,pixel,all,0.6655777777777778,0.6218931944948087,0.7072888376748194,0.6116666666666667,0.5718682709593687,0.6482327047952047,87f5489e9d59,87dcf4f,2026,20260914
E1,frequency,all,0.7525,0.7131125112173239,0.7923991789910987,0.685,0.6537816396930046,0.7151099982701196,87f5489e9d59,87dcf4f,2026,20260914
E1,combined,all,0.7934666666666667,0.759252155123371,0.8264849738243826,0.7,0.6660182335359283,0.73490932426576,87f5489e9d59,87dcf4f,2026,20260914
E1,pixel - frequency,all,-0.08692222222222212,-0.1300618089919852,-0.045855141717195645,-0.07333333333333336,-0.11740518698385297,-0.030799786664296218,87f5489e9d59,87dcf4f,2026,20260914
E1,"combined - best single (frequency, by val AUROC)",all,0.04096666666666671,0.0182577678090664,0.06399015322354813,0.014999999999999902,-0.010627001423234163,0.042241755697767364,87f5489e9d59,87dcf4f,2026,20260914
E1,pixel,biggan,0.8241666666666667,0.7795257409268765,0.8661905336405814,0.7266666666666667,0.6772980159876197,0.7733177783407263,87f5489e9d59,87dcf4f,2026,20260914
E1,frequency,biggan,0.9965666666666667,0.9896306302299315,1.0,0.9766666666666667,0.964043389633081,0.988176670989171,87f5489e9d59,87dcf4f,2026,20260914
E1,combined,biggan,0.9902666666666666,0.9804171491317981,0.9975513482091866,0.9283333333333333,0.9065642107418423,0.950485735009111,87f5489e9d59,87dcf4f,2026,20260914
E1,pixel - frequency,biggan,-0.1724,-0.21725093930356235,-0.1293254580733358,-0.25,-0.2986601150527324,-0.2050930972108765,87f5489e9d59,87dcf4f,2026,20260914
E1,"combined - best single (frequency, by val AUROC)",biggan,-0.006300000000000083,-0.012507874652192613,-0.0014701361440491707,-0.04833333333333334,-0.07037033730010327,-0.027271181199752692,87f5489e9d59,87dcf4f,2026,20260914
E1,pixel,sd_v1_4,0.5814666666666667,0.5203227107590365,0.6478637865473348,0.5466666666666666,0.49445334578125977,0.601973002741857,87f5489e9d59,87dcf4f,2026,20260914
E1,frequency,sd_v1_4,0.6371666666666667,0.5776189263799162,0.6985283109301718,0.5116666666666667,0.4849137839903721,0.5414193293211325,87f5489e9d59,87dcf4f,2026,20260914
E1,combined,sd_v1_4,0.7118,0.6588140987967112,0.7620571430282754,0.5683333333333334,0.5237539620652936,0.6170081453634085,87f5489e9d59,87dcf4f,2026,20260914
E1,pixel - frequency,sd_v1_4,-0.05569999999999997,-0.1294362053628161,0.012302629703749509,0.03499999999999992,-0.026140159248672898,0.09632644620253142,87f5489e9d59,87dcf4f,2026,20260914
E1,"combined - best single (frequency, by val AUROC)",sd_v1_4,0.07463333333333333,0.03285881638416204,0.1161909117715463,0.05666666666666664,0.012363767467862854,0.10631665647486538,87f5489e9d59,87dcf4f,2026,20260914
E1,pixel,adm,0.5911,0.5290120642184768,0.6570992754453429,0.5616666666666666,0.5045011622711436,0.6130749293552057,87f5489e9d59,87dcf4f,2026,20260914
E1,frequency,adm,0.6237666666666667,0.5535767365938074,0.6913321926163213,0.5666666666666667,0.528912176644691,0.6094764097070151,87f5489e9d59,87dcf4f,2026,20260914
E1,combined,adm,0.6783333333333333,0.61436615430891,0.7374318133306228,0.6033333333333334,0.5523941666355376,0.6551267074704574,87f5489e9d59,87dcf4f,2026,20260914
E1,pixel - frequency,adm,-0.03266666666666673,-0.09858305279050715,0.03549725629777202,-0.0050000000000000044,-0.0667149496879036,0.048633116844980194,87f5489e9d59,87dcf4f,2026,20260914
E1,"combined - best single (frequency, by val AUROC)",adm,0.05456666666666665,0.01187363745914051,0.09371852975575667,0.036666666666666736,-0.007618238359103191,0.0792104551869469,87f5489e9d59,87dcf4f,2026,20260914
E2,pixel,all,0.6392444444444444,0.5945262138799708,0.6831059289573275,0.595,0.5593784800906295,0.6310887244752182,87f5489e9d59,87dcf4f,2026,20260914
E2,frequency,all,0.7693222222222222,0.7310598396025076,0.8095200165611408,0.7233333333333334,0.6864803533976426,0.7556125721957129,87f5489e9d59,87dcf4f,2026,20260914
E2,combined,all,0.8056888888888889,0.7729246629849394,0.8384556205924664,0.71,0.6755111752174586,0.745465426590154,87f5489e9d59,87dcf4f,2026,20260914
E2,pixel - frequency,all,-0.13007777777777785,-0.1756622186773385,-0.08672492540691912,-0.1283333333333334,-0.16997652891682025,-0.08469880359682988,87f5489e9d59,87dcf4f,2026,20260914
E2,"combined - best single (frequency, by val AUROC)",all,0.03636666666666666,0.013583059265473305,0.060459058099142274,-0.01333333333333342,-0.04500503121272287,0.016724002260367028,87f5489e9d59,87dcf4f,2026,20260914
E2,pixel,biggan,0.7614,0.7095320173939845,0.8110557115998247,0.6833333333333333,0.6299811414769334,0.7378452633352047,87f5489e9d59,87dcf4f,2026,20260914
E2,frequency,biggan,0.9984,0.9955541290444445,0.9999649226220891,0.9433333333333334,0.9255584137018998,0.961151918964419,87f5489e9d59,87dcf4f,2026,20260914
E2,combined,biggan,0.9913,0.9828014346764347,0.9976785162906681,0.8966666666666667,0.8711969113958458,0.9215725427551212,87f5489e9d59,87dcf4f,2026,20260914
E2,pixel - frequency,biggan,-0.237,-0.2897607992120444,-0.1876312349770208,-0.26,-0.31569343165493535,-0.20309328452938136,87f5489e9d59,87dcf4f,2026,20260914
E2,"combined - best single (frequency, by val AUROC)",biggan,-0.007099999999999995,-0.014605593645115706,-0.0013944620894715488,-0.046666666666666634,-0.07115973083728862,-0.024222273326206405,87f5489e9d59,87dcf4f,2026,20260914
E2,pixel,sd_v1_4,0.5845666666666667,0.5209950857418792,0.6511600288943437,0.5533333333333333,0.5024908602639835,0.605765317091749,87f5489e9d59,87dcf4f,2026,20260914
E2,frequency,sd_v1_4,0.6402,0.5797397281998731,0.7051286865134683,0.6033333333333334,0.5568869916964494,0.6544670497751529,87f5489e9d59,87dcf4f,2026,20260914
E2,combined,sd_v1_4,0.7194333333333334,0.6672302912627561,0.7694090913723833,0.6116666666666667,0.5576590985007699,0.6652997344227001,87f5489e9d59,87dcf4f,2026,20260914
E2,pixel - frequency,sd_v1_4,-0.05563333333333331,-0.13252538168608832,0.017307746583672436,-0.050000000000000044,-0.11844242475374826,0.016429079184661535,87f5489e9d59,87dcf4f,2026,20260914
E2,"combined - best single (frequency, by val AUROC)",sd_v1_4,0.07923333333333338,0.03515195998974678,0.12587390998854345,0.008333333333333304,-0.048057747489239536,0.06654895036678633,87f5489e9d59,87dcf4f,2026,20260914
E2,pixel,adm,0.5717666666666666,0.5083493896537791,0.6345885182239787,0.5483333333333333,0.4991128444640121,0.5982275277038765,87f5489e9d59,87dcf4f,2026,20260914
E2,frequency,adm,0.6693666666666667,0.6035148514242984,0.7318662490788505,0.6233333333333333,0.5720925554355095,0.6781877066779407,87f5489e9d59,87dcf4f,2026,20260914
E2,combined,adm,0.7063333333333334,0.6441708843968014,0.7623190270647365,0.6216666666666667,0.5662141995835768,0.6734981293292858,87f5489e9d59,87dcf4f,2026,20260914
E2,pixel - frequency,adm,-0.09760000000000002,-0.16325402862294344,-0.030685879507841206,-0.07499999999999996,-0.13332842391105604,-0.015996505993581427,87f5489e9d59,87dcf4f,2026,20260914
E2,"combined - best single (frequency, by val AUROC)",adm,0.0369666666666667,-0.0028757508098730036,0.07608035498461621,-0.0016666666666665941,-0.0480103558929824,0.04110975332713471,87f5489e9d59,87dcf4f,2026,20260914
E3_q90,pixel,all,0.6610333333333334,0.6163018101369773,0.7034810202548678,0.5933333333333333,0.5546739974741984,0.6324486375227999,87f5489e9d59,87dcf4f,2026,20260914
E3_q90,frequency,all,0.7556555555555555,0.7160521121328891,0.7965200639590622,0.7050000000000001,0.6696298091023623,0.7364915737156597,87f5489e9d59,87dcf4f,2026,20260914
E3_q90,combined,all,0.7864666666666666,0.7507713047750741,0.8202258761620153,0.7,0.6652126151280576,0.7353016006199771,87f5489e9d59,87dcf4f,2026,20260914
E3_q90,pixel - frequency,all,-0.09462222222222216,-0.1381266138533996,-0.0525371767829839,-0.1116666666666668,-0.1537155368126549,-0.06590129491787831,87f5489e9d59,87dcf4f,2026,20260914
E3_q90,"combined - best single (frequency, by val AUROC)",all,0.030811111111111122,0.008983978373250278,0.051790983881998744,-0.0050000000000001155,-0.03102826796081053,0.021709502733586915,87f5489e9d59,87dcf4f,2026,20260914
E3_q90,pixel,biggan,0.8222,0.7776667535663697,0.8652347394020572,0.7,0.6582984672338141,0.741184239153027,87f5489e9d59,87dcf4f,2026,20260914
E3_q90,frequency,biggan,0.9918666666666667,0.9832169278451787,0.998394536053431,0.935,0.9132901645125064,0.9546940894648335,87f5489e9d59,87dcf4f,2026,20260914
E3_q90,combined,biggan,0.9719333333333333,0.9488329398862235,0.990164047613181,0.8916666666666666,0.8658670249380261,0.9172078875142343,87f5489e9d59,87dcf4f,2026,20260914
E3_q90,pixel - frequency,biggan,-0.16966666666666663,-0.21551060821140056,-0.12604353931377985,-0.2350000000000001,-0.2802735273271505,-0.19107188402084815,87f5489e9d59,87dcf4f,2026,20260914
E3_q90,"combined - best single (frequency, by val AUROC)",biggan,-0.01993333333333336,-0.03915320344818389,-0.005985355590077616,-0.043333333333333446,-0.06815807586946836,-0.02156318103355282,87f5489e9d59,87dcf4f,2026,20260914
E3_q90,pixel,sd_v1_4,0.5797333333333333,0.5176823830025552,0.6466330330209007,0.535,0.4815949700646887,0.5967520070229049,87f5489e9d59,87dcf4f,2026,20260914
E3_q90,frequency,sd_v1_4,0.6372,0.5753110268449227,0.7017723224639785,0.5800000000000001,0.5358999754505123,0.6271689223392153,87f5489e9d59,87dcf4f,2026,20260914
E3_q90,combined,sd_v1_4,0.7063333333333334,0.6514639323095206,0.7594477184505228,0.5866666666666667,0.5363000635204582,0.6379330675668985,87f5489e9d59,87dcf4f,2026,20260914
E3_q90,pixel - frequency,sd_v1_4,-0.057466666666666666,-0.13261395332944098,0.013594584413657334,-0.04500000000000004,-0.11511828515117986,0.024803767041792477,87f5489e9d59,87dcf4f,2026,20260914
E3_q90,"combined - best single (frequency, by val AUROC)",sd_v1_4,0.06913333333333338,0.03156592291531562,0.10785535979599171,0.006666666666666599,-0.04133780723468546,0.055966409646268894,87f5489e9d59,87dcf4f,2026,20260914
E3_q90,pixel,adm,0.5811666666666667,0.5180067710547219,0.6473838031887765,0.545,0.49146420450536016,0.6003349629821173,87f5489e9d59,87dcf4f,2026,20260914
E3_q90,frequency,adm,0.6379,0.5715923063761692,0.702556458851863,0.6,0.552576400060658,0.6501455468384592,87f5489e9d59,87dcf4f,2026,20260914
E3_q90,combined,adm,0.6811333333333334,0.6177268323110873,0.740991120061319,0.6216666666666667,0.568177391189935,0.6748342696508214,87f5489e9d59,87dcf4f,2026,20260914
E3_q90,pixel - frequency,adm,-0.0567333333333333,-0.12346748359055018,0.010023008362791899,-0.05499999999999994,-0.11436897971684502,0.006658345189982909,87f5489e9d59,87dcf4f,2026,20260914
E3_q90,"combined - best single (frequency, by val AUROC)",adm,0.043233333333333346,0.00605388512379714,0.07986253861311728,0.021666666666666723,-0.020410950504719288,0.06282040075061009,87f5489e9d59,87dcf4f,2026,20260914
E3_q75,pixel,all,0.6498,0.6067215348094923,0.6933371275082464,0.605,0.5672080927343616,0.6416723592900276,87f5489e9d59,87dcf4f,2026,20260914
E3_q75,frequency,all,0.7574333333333333,0.7203358165262591,0.7968014983771287,0.6983333333333334,0.663446568922693,0.7312720545188203,87f5489e9d59,87dcf4f,2026,20260914
E3_q75,combined,all,0.7906888888888889,0.7558455453809072,0.825293840349268,0.6950000000000001,0.6603638682153056,0.7303626557104167,87f5489e9d59,87dcf4f,2026,20260914
E3_q75,pixel - frequency,all,-0.10763333333333325,-0.1511744336898573,-0.06821191213067028,-0.09333333333333338,-0.13729555573446048,-0.048652146464646426,87f5489e9d59,87dcf4f,2026,20260914
E3_q75,"combined - best single (frequency, by val AUROC)",all,0.033255555555555594,0.009931597104879444,0.05542056991288235,-0.0033333333333332993,-0.033983565811160306,0.027298906736184746,87f5489e9d59,87dcf4f,2026,20260914
E3_q75,pixel,biggan,0.7909666666666667,0.743082311990089,0.8365773620060671,0.7033333333333334,0.656709058335563,0.7489987947293486,87f5489e9d59,87dcf4f,2026,20260914
E3_q75,frequency,biggan,0.9912,0.982538516377224,0.9979342648728124,0.9216666666666666,0.8997279905538161,0.9427760615867411,87f5489e9d59,87dcf4f,2026,20260914
E3_q75,combined,biggan,0.9721333333333333,0.9468267443146569,0.990093924627204,0.8783333333333333,0.8518209494627806,0.905419000115613,87f5489e9d59,87dcf4f,2026,20260914
E3_q75,pixel - frequency,biggan,-0.20023333333333326,-0.24824395281082842,-0.15444632040642237,-0.21833333333333327,-0.266331814139448,-0.1692854243804568,87f5489e9d59,87dcf4f,2026,20260914
E3_q75,"combined - best single (frequency, by val AUROC)",biggan,-0.019066666666666676,-0.04145146063871855,-0.0038264518397357825,-0.043333333333333335,-0.07112123963014762,-0.01920918326313288,87f5489e9d59,87dcf4f,2026,20260914
E3_q75,pixel,sd_v1_4,0.5798666666666666,0.5140740627217956,0.64521600057712,0.5533333333333333,0.49877437404295855,0.6116370875095689,87f5489e9d59,87dcf4f,2026,20260914
E3_q75,frequency,sd_v1_4,0.6483,0.5894178528707121,0.7131927406270901,0.5716666666666667,0.5236889981269415,0.6174226150971003,87f5489e9d59,87dcf4f,2026,20260914
E3_q75,combined,sd_v1_4,0.7039333333333333,0.6478901860257792,0.7574944159505852,0.5833333333333333,0.5316243880330918,0.6373473137527639,87f5489e9d59,87dcf4f,2026,20260914
E3_q75,pixel - frequency,sd_v1_4,-0.06843333333333335,-0.13885258738619746,-0.005687838790938599,-0.018333333333333313,-0.08617247900666107,0.052079432992010934,87f5489e9d59,87dcf4f,2026,20260914
E3_q75,"combined - best single (frequency, by val AUROC)",sd_v1_4,0.05563333333333331,0.013835096770866794,0.09469580937482945,0.011666666666666603,-0.038009436089114584,0.06634756787330304,87f5489e9d59,87dcf4f,2026,20260914
E3_q75,pixel,adm,0.5785666666666667,0.5162573624983899,0.6440085017478065,0.5583333333333333,0.5059927600309495,0.6122015047387523,87f5489e9d59,87dcf4f,2026,20260914
E3_q75,frequency,adm,0.6328,0.5674458828317407,0.6978980438865862,0.6016666666666667,0.5509105473732916,0.6537440809076487,87f5489e9d59,87dcf4f,2026,20260914
E3_q75,combined,adm,0.696,0.6336623228856685,0.754599706924551,0.6233333333333333,0.5700759433102643,0.6788218709922711,87f5489e9d59,87dcf4f,2026,20260914
E3_q75,pixel - frequency,adm,-0.054233333333333356,-0.12249252377413543,0.015993709294230364,-0.043333333333333335,-0.10516755452804118,0.018591930247172272,87f5489e9d59,87dcf4f,2026,20260914
E3_q75,"combined - best single (frequency, by val AUROC)",adm,0.06319999999999992,0.021050440598942146,0.104890320953963,0.021666666666666612,-0.02127661326435723,0.059855559548380774,87f5489e9d59,87dcf4f,2026,20260914
E3_q50,pixel,all,0.6408555555555555,0.5955070503874246,0.6822323005309481,0.605,0.5656941105488302,0.6429502650843472,87f5489e9d59,87dcf4f,2026,20260914
E3_q50,frequency,all,0.7660444444444444,0.7286882197634665,0.8062733374822191,0.69,0.6574538462262244,0.7241300719261922,87f5489e9d59,87dcf4f,2026,20260914
E3_q50,combined,all,0.7938,0.7604102412880159,0.8282574177384707,0.6950000000000001,0.6605676286164864,0.7282554067131797,87f5489e9d59,87dcf4f,2026,20260914
E3_q50,pixel - frequency,all,-0.1251888888888889,-0.17186721923634057,-0.08151820448351259,-0.08499999999999996,-0.13256025026982318,-0.04125078211902117,87f5489e9d59,87dcf4f,2026,20260914
E3_q50,"combined - best single (frequency, by val AUROC)",all,0.027755555555555533,0.005921188039005561,0.04970392030316799,0.0050000000000001155,-0.02656158943696387,0.033788857051054055,87f5489e9d59,87dcf4f,2026,20260914
E3_q50,pixel,biggan,0.7672,0.7186580289079472,0.8147391942329723,0.7033333333333334,0.6539587023248693,0.7516050948521918,87f5489e9d59,87dcf4f,2026,20260914
E3_q50,frequency,biggan,0.9919333333333333,0.9844062199050121,0.9980478207496718,0.9483333333333333,0.9293413351372243,0.9663383838383838,87f5489e9d59,87dcf4f,2026,20260914
E3_q50,combined,biggan,0.9742666666666666,0.9525959415106536,0.9900125078282087,0.905,0.8775903065924903,0.9301994287358212,87f5489e9d59,87dcf4f,2026,20260914
E3_q50,pixel - frequency,biggan,-0.22473333333333334,-0.271867844041099,-0.17628437870528127,-0.24499999999999988,-0.2945041839485442,-0.19431145367086594,87f5489e9d59,87dcf4f,2026,20260914
E3_q50,"combined - best single (frequency, by val AUROC)",biggan,-0.01766666666666672,-0.03624552849321887,-0.004793932561582918,-0.043333333333333224,-0.06854042974456365,-0.020083431938664725,87f5489e9d59,87dcf4f,2026,20260914
E3_q50,pixel,sd_v1_4,0.5613,0.4988814670619665,0.6261739104890047,0.5533333333333333,0.5017199230459487,0.6080351023409324,87f5489e9d59,87dcf4f,2026,20260914
E3_q50,frequency,sd_v1_4,0.6322666666666666,0.5699825764587887,0.7011169166980473,0.5433333333333333,0.5037869590123797,0.5858004811425628,87f5489e9d59,87dcf4f,2026,20260914
E3_q50,combined,sd_v1_4,0.6982666666666667,0.6429913338812527,0.7540459957239848,0.56,0.5144762327726038,0.608426446287815,87f5489e9d59,87dcf4f,2026,20260914
E3_q50,pixel - frequency,sd_v1_4,-0.07096666666666662,-0.15021305804663349,-0.003245048651384433,0.010000000000000009,-0.05983423036151976,0.082891061125473,87f5489e9d59,87dcf4f,2026,20260914
E3_q50,"combined - best single (frequency, by val AUROC)",sd_v1_4,0.06600000000000006,0.0265531638418079,0.10428955983347749,0.01666666666666672,-0.024857635282839546,0.0622697281865322,87f5489e9d59,87dcf4f,2026,20260914
E3_q50,pixel,adm,0.5940666666666666,0.5327417658606772,0.6578527676896785,0.5583333333333333,0.5014453976465668,0.6129256108899012,87f5489e9d59,87dcf4f,2026,20260914
E3_q50,frequency,adm,0.6739333333333334,0.6086156518499335,0.7366474889568767,0.5783333333333334,0.5365520548612852,0.6280605854132907,87f5489e9d59,87dcf4f,2026,20260914
E3_q50,combined,adm,0.7088666666666666,0.6465409292287925,0.7667594099447255,0.62,0.5709338855161133,0.6705351660306436,87f5489e9d59,87dcf4f,2026,20260914
E3_q50,pixel - frequency,adm,-0.07986666666666675,-0.15141664007014663,-0.0033819833438180373,-0.020000000000000018,-0.08619912492754858,0.04114018999484991,87f5489e9d59,87dcf4f,2026,20260914
E3_q50,"combined - best single (frequency, by val AUROC)",adm,0.03493333333333326,-0.00443408041012576,0.0738041337219133,0.04166666666666663,-0.005318420293360118,0.08532527128568193,87f5489e9d59,87dcf4f,2026,20260914
E4,pixel,all,0.6533444444444444,0.6113438710970559,0.6978014996390585,0.6066666666666667,0.5713834887190896,0.6449288321302915,87f5489e9d59,87dcf4f,2026,20260914
E4,frequency,all,0.7645111111111111,0.7260994793842245,0.8017677059918078,0.7,0.6646706321435414,0.7338957554017713,87f5489e9d59,87dcf4f,2026,20260914
E4,combined,all,0.7889111111111111,0.7549241854915021,0.8234018664080783,0.7150000000000001,0.6820727044590658,0.7469295824930463,87f5489e9d59,87dcf4f,2026,20260914
E4,pixel - frequency,all,-0.11116666666666675,-0.15201206062748748,-0.07012953093092092,-0.09333333333333327,-0.13286199136154583,-0.053275275394957494,87f5489e9d59,87dcf4f,2026,20260914
E4,"combined - best single (frequency, by val AUROC)",all,0.024399999999999977,0.0030100645038809797,0.046640452414995745,0.015000000000000124,-0.01497292683115089,0.045054505450545124,87f5489e9d59,87dcf4f,2026,20260914
E4,pixel,biggan,0.919,0.8930665038639317,0.9447782505522145,0.8383333333333334,0.8088404922579988,0.8714702492725899,87f5489e9d59,87dcf4f,2026,20260914
E4,frequency,biggan,0.9946333333333334,0.9874248908211576,0.999294987651438,0.9099999999999999,0.8887191323636658,0.9304300903685289,87f5489e9d59,87dcf4f,2026,20260914
E4,combined,biggan,0.9838,0.9677830621704427,0.9951677625600391,0.9066666666666667,0.8824461668688094,0.9299777347132313,87f5489e9d59,87dcf4f,2026,20260914
E4,pixel - frequency,biggan,-0.07563333333333333,-0.10217235961247363,-0.04976126036804298,-0.07166666666666655,-0.10828128047486038,-0.03716012091447243,87f5489e9d59,87dcf4f,2026,20260914
E4,"combined - best single (frequency, by val AUROC)",biggan,-0.010833333333333361,-0.023798800223832007,-0.0018259662097857734,-0.0033333333333331883,-0.028090616152413976,0.020399189602444485,87f5489e9d59,87dcf4f,2026,20260914
E4,pixel,sd_v1_4,0.47523333333333334,0.42178571242425733,0.5412124753333294,0.44833333333333336,0.4082315632910824,0.49594925883636015,87f5489e9d59,87dcf4f,2026,20260914
E4,frequency,sd_v1_4,0.5605,0.4953171601244936,0.6267174913367626,0.525,0.47611197143217704,0.5708716037021,87f5489e9d59,87dcf4f,2026,20260914
E4,combined,sd_v1_4,0.6335666666666666,0.5775407245414956,0.6945959568003576,0.5666666666666667,0.5171331311751394,0.6161799361608072,87f5489e9d59,87dcf4f,2026,20260914
E4,pixel - frequency,sd_v1_4,-0.08526666666666666,-0.15794059701089566,-0.015359475439213533,-0.07666666666666666,-0.1380342169707269,-0.01370836265540696,87f5489e9d59,87dcf4f,2026,20260914
E4,"combined - best single (frequency, by val AUROC)",sd_v1_4,0.07306666666666661,0.03100121379957428,0.1168960849378595,0.04166666666666663,-0.00816156151050288,0.097284042807122,87f5489e9d59,87dcf4f,2026,20260914
E4,pixel,adm,0.5658,0.5028089577224091,0.6299725100958498,0.5333333333333333,0.48285886332586236,0.5883025323074466,87f5489e9d59,87dcf4f,2026,20260914
E4,frequency,adm,0.7384,0.6804752155320242,0.7917277984148707,0.665,0.610425029461972,0.7147257218022516,87f5489e9d59,87dcf4f,2026,20260914
E4,combined,adm,0.7493666666666666,0.6944303963857469,0.8041779475438912,0.6716666666666666,0.6191213769405731,0.7241514058573161,87f5489e9d59,87dcf4f,2026,20260914
E4,pixel - frequency,adm,-0.17259999999999998,-0.234480532265824,-0.1054231120749247,-0.1316666666666667,-0.1964570450354376,-0.06868252598624296,87f5489e9d59,87dcf4f,2026,20260914
E4,"combined - best single (frequency, by val AUROC)",adm,0.01096666666666668,-0.02588591520669623,0.04648611504995163,0.006666666666666599,-0.03991501927592349,0.05654976960991121,87f5489e9d59,87dcf4f,2026,20260914
E5,pixel,all,0.6308666666666667,0.5895971069411663,0.6767052921440639,0.6000000000000001,0.5639200397013061,0.6383372606917855,87f5489e9d59,87dcf4f,2026,20260914
E5,frequency,all,0.7689333333333334,0.7303489434074052,0.8055855523378496,0.7083333333333333,0.6741451192609828,0.7406617539148854,87f5489e9d59,87dcf4f,2026,20260914
E5,combined,all,0.7864333333333333,0.7530817122641232,0.8195568023530346,0.71,0.6783262364545707,0.7414998391076307,87f5489e9d59,87dcf4f,2026,20260914
E5,pixel - frequency,all,-0.13806666666666667,-0.1831342459358264,-0.0909461777771122,-0.10833333333333317,-0.14726441671885507,-0.06647421421144141,87f5489e9d59,87dcf4f,2026,20260914
E5,"combined - best single (frequency, by val AUROC)",all,0.01749999999999996,0.0004180565423319629,0.03603086637359553,0.0016666666666667052,-0.021206051159436797,0.025000701396682316,87f5489e9d59,87dcf4f,2026,20260914
E5,pixel,biggan,0.8877,0.857517730651798,0.9192666097516807,0.8033333333333333,0.7724942793193822,0.8362441104848594,87f5489e9d59,87dcf4f,2026,20260914
E5,frequency,biggan,0.9811,0.9595148017253825,0.9960642462265982,0.9266666666666666,0.9003283765937665,0.949675718698777,87f5489e9d59,87dcf4f,2026,20260914
E5,combined,biggan,0.9693333333333334,0.9399798660903128,0.9903066588603463,0.9199999999999999,0.8932020083177795,0.9437414163934271,87f5489e9d59,87dcf4f,2026,20260914
E5,pixel - frequency,biggan,-0.09339999999999993,-0.1273544190045709,-0.05463786764705883,-0.1233333333333333,-0.1573543513904208,-0.0824105836749848,87f5489e9d59,87dcf4f,2026,20260914
E5,"combined - best single (frequency, by val AUROC)",biggan,-0.011766666666666592,-0.025896052506746498,-0.0014551608449574456,-0.00666666666666671,-0.023978397025271995,0.009936255092493086,87f5489e9d59,87dcf4f,2026,20260914
E5,pixel,sd_v1_4,0.46513333333333334,0.4096250387953218,0.5273927497508996,0.4883333333333334,0.4399479627642493,0.5414818846012232,87f5489e9d59,87dcf4f,2026,20260914
E5,frequency,sd_v1_4,0.5683666666666667,0.5054901206907993,0.6366651127257654,0.5366666666666666,0.49622226530190244,0.57834182719954,87f5489e9d59,87dcf4f,2026,20260914
E5,combined,sd_v1_4,0.6293,0.5712492764919505,0.690358438647726,0.545,0.5042239390590584,0.5884517396067338,87f5489e9d59,87dcf4f,2026,20260914
E5,pixel - frequency,sd_v1_4,-0.10323333333333334,-0.18376312199292283,-0.03049769416277662,-0.04833333333333323,-0.11203264287121198,0.007942943747575886,87f5489e9d59,87dcf4f,2026,20260914
E5,"combined - best single (frequency, by val AUROC)",sd_v1_4,0.060933333333333284,0.028238707041956614,0.09404527792362795,0.008333333333333415,-0.03277030618845631,0.0478623298726868,87f5489e9d59,87dcf4f,2026,20260914
E5,pixel,adm,0.5397666666666666,0.4797842079092079,0.6033308517695088,0.5083333333333333,0.4585565823006124,0.5669822746549102,87f5489e9d59,87dcf4f,2026,20260914
E5,frequency,adm,0.7573333333333333,0.7007113590501534,0.812209334093077,0.6616666666666666,0.6120729377653116,0.7119206897171972,87f5489e9d59,87dcf4f,2026,20260914
E5,combined,adm,0.7606666666666667,0.7065171031050048,0.8150032513229205,0.665,0.6125853577642382,0.7163352435450647,87f5489e9d59,87dcf4f,2026,20260914
E5,pixel - frequency,adm,-0.21756666666666669,-0.2884407513647482,-0.1437203244392735,-0.15333333333333332,-0.21803214122739784,-0.09077108589591959,87f5489e9d59,87dcf4f,2026,20260914
E5,"combined - best single (frequency, by val AUROC)",adm,0.0033333333333334103,-0.027932338137725877,0.0345727895246469,0.0033333333333334103,-0.038026451664013604,0.04726494469543102,87f5489e9d59,87dcf4f,2026,20260914
E2 - E1 (control),pixel,all,-0.02633333333333343,-0.03754065669838949,-0.014930189149767546,-0.01666666666666672,-0.04444188268758538,0.010595127667502126,87f5489e9d59,87dcf4f,2026,20260914
E2 - E1 (control),frequency,all,0.016822222222222294,0.009299489788036148,0.024714103723660383,0.03833333333333333,0.01483311680147685,0.0628646905874987,87f5489e9d59,87dcf4f,2026,20260914
E2 - E1 (control),combined,all,0.012222222222222245,0.007293766487093956,0.01725737302295929,0.010000000000000009,-0.012947999132716609,0.030910825509636638,87f5489e9d59,87dcf4f,2026,20260914
E2 - E3_q75 (control),pixel,all,-0.010555555555555651,-0.020970961040644304,-0.0004476222768511345,-0.010000000000000009,-0.041667083500066766,0.019553941572041822,87f5489e9d59,87dcf4f,2026,20260914
E2 - E3_q75 (control),frequency,all,0.011888888888888949,-0.000980182745136396,0.02285200939767614,0.025000000000000022,0.006505485556916599,0.04407831618464956,87f5489e9d59,87dcf4f,2026,20260914
E2 - E3_q75 (control),combined,all,0.015000000000000013,0.007690147048121021,0.023171344648970697,0.014999999999999902,0.00024421073401943163,0.030149626776925145,87f5489e9d59,87dcf4f,2026,20260914
