quality,condition,feature,arm,cohen_d_real_minus_fake,d_lo,d_hi,pooled_sd,univariate_auroc_fake_high,uauc_lo,uauc_hi,within_parent_median_shift_sd,within_parent_median_abs_shift_sd,abs_shift_lo,abs_shift_hi,config_hash,code_version,seed_split,seed_bootstrap,real_mean,real_median,real_iqr,fake_mean,fake_median,fake_iqr
0,C0,f01_var,pixel,0.16996238186283266,0.09976954990115214,0.24669097652338207,sample-size-weighted pooled SD of both classes,0.444048,0.4223175915035371,0.4638953381307087,0.0,0.0,0.0,0.0,87f5489e9d59,87dcf4f,2026,20260914,0.05315317050381679,0.04893371695713636,0.03391470405740257,0.048431460113235965,0.04333623639648097,0.03423098576741647
0,C0,f02_skew,pixel,0.22406295747062333,0.16241740843070263,0.2873600149235985,sample-size-weighted pooled SD of both classes,0.44016133333333335,0.4211152789966412,0.4601964384802957,0.0,0.0,0.0,0.0,87f5489e9d59,87dcf4f,2026,20260914,0.15738936712916865,0.16745013579484797,0.8761619307314052,-0.0578459274738992,0.019510897635606338,0.9592124735166534
0,C0,f03_exkurt,pixel,-0.09026800171633487,-0.20548081186756498,-0.009615876296943215,sample-size-weighted pooled SD of both classes,0.5361795555555555,0.5159254518060284,0.5567115423209821,0.0,0.0,0.0,0.0,87f5489e9d59,87dcf4f,2026,20260914,0.18487054904746894,-0.555761227359798,1.2815474546932855,0.6507270015978822,-0.42311557004501976,1.6157131670858462
0,C0,f04_grad_mean,pixel,0.24668593068231887,0.17379311979244463,0.32404089776563466,sample-size-weighted pooled SD of both classes,0.4102902222222222,0.3892268084264132,0.4314157991961438,0.0,0.0,0.0,0.0,87f5489e9d59,87dcf4f,2026,20260914,0.3050406229751424,0.28451437325798473,0.17931433812764722,0.2705888429801982,0.24013454046103144,0.16937138991223927
0,C0,f05_grad_std,pixel,0.2164732979388488,0.14520208535762855,0.2878502662337468,sample-size-weighted pooled SD of both classes,0.41986844444444443,0.4000653575771952,0.4390257208048938,0.0,0.0,0.0,0.0,87f5489e9d59,87dcf4f,2026,20260914,0.3836623865071432,0.3735811626850748,0.17326659606056155,0.3532617060196976,0.33407315650142977,0.2120226994044469
0,C0,f06_lap_var,pixel,0.404635783009425,0.33318074307113166,0.47723707831644824,sample-size-weighted pooled SD of both classes,0.32368,0.30513012770239073,0.3429198013554398,0.0,0.0,0.0,0.0,87f5489e9d59,87dcf4f,2026,20260914,0.028650790009985997,0.020463196658613025,0.029126106680175415,0.01810090203580806,0.009888847074825884,0.02219719991095993
0,C0,f07_hp_var,pixel,0.37095891063409686,0.2983302524636008,0.4424719025783891,sample-size-weighted pooled SD of both classes,0.3386968888888889,0.3197203859325508,0.35808194102280283,0.0,0.0,0.0,0.0,87f5489e9d59,87dcf4f,2026,20260914,0.0012621041590936209,0.0009228635511398277,0.0012760172132613254,0.000845282249866238,0.0004951948768148454,0.0010235120676852208
0,C0,f08_low,frequency,-0.15371962809631698,-0.22900556012568993,-0.0832206727360195,sample-size-weighted pooled SD of both classes,0.5632977777777778,0.5438658739663066,0.5840484409015617,0.0,0.0,0.0,0.0,87f5489e9d59,87dcf4f,2026,20260914,0.7739310641572061,0.8046999634284329,0.18868113553117782,0.79702255265288,0.8415402112287409,0.1930715919584266
0,C0,f09_mid,frequency,0.03446382688257141,-0.03146319047472787,0.11199671981138426,sample-size-weighted pooled SD of both classes,0.4670022222222222,0.4460259410114908,0.48648636073379475,0.0,0.0,0.0,0.0,87f5489e9d59,87dcf4f,2026,20260914,0.18209255167815558,0.1633246769848936,0.15025821356009922,0.17792493658668615,0.14409516705933417,0.16488043740301594
0,C0,f10_high,frequency,0.4405515490475262,0.36414000793911244,0.5206367599787416,sample-size-weighted pooled SD of both classes,0.2907657777777778,0.2721597143104566,0.3097630258690552,0.0,0.0,0.0,0.0,87f5489e9d59,87dcf4f,2026,20260914,0.043976384164638074,0.029780299620698232,0.044979224135212284,0.02505251076043381,0.009444606373514929,0.030168104724584408
0,C0,f11_nyq_ratio,frequency,0.7966275518623839,0.7167539190066894,0.8772731060019124,sample-size-weighted pooled SD of both classes,0.29883377777777775,0.2804491837603121,0.31832040759599634,0.0,0.0,0.0,0.0,87f5489e9d59,87dcf4f,2026,20260914,0.3074591935633711,0.30963569421602494,0.08770804638541063,0.22442872917716114,0.23733957779745765,0.22983732985083732
0,C0,f12_slope,frequency,1.0745184365350002,0.9998588208608333,1.1493616226971435,sample-size-weighted pooled SD of both classes,0.254128,0.23646490550231528,0.2724143812659327,0.0,0.0,0.0,0.0,87f5489e9d59,87dcf4f,2026,20260914,-2.764537439961163,-2.7221814295380518,0.6662545832340587,-3.9175470410254127,-3.385328028617077,2.7769113363045057
0,C0,f13_aniso,frequency,-0.24257286303043493,-0.3139719847218941,-0.16994220277038877,sample-size-weighted pooled SD of both classes,0.5515733333333334,0.5311131562366274,0.5725701333295529,0.0,0.0,0.0,0.0,87f5489e9d59,87dcf4f,2026,20260914,0.49444506799055504,0.4315025567467616,0.3503295980851542,0.5739192156702645,0.47001639360572345,0.44681438109655414
0,C0,f14_peak,frequency,0.0029365060573310854,-0.07241713928885798,0.07117317513623739,sample-size-weighted pooled SD of both classes,0.4971368888888889,0.47673259262443557,0.5184994338611558,0.0,0.0,0.0,0.0,87f5489e9d59,87dcf4f,2026,20260914,0.05238891589531685,0.043682657624810634,0.05404616959699714,0.05226623236098774,0.042230418346908695,0.05457741673051285
90,C1,f01_var,pixel,0.17147581770050288,0.10134809607179257,0.24819837662399316,sample-size-weighted pooled SD of both classes,0.44352755555555556,0.4218613385529773,0.4634422684643262,0.00012999468545703204,0.0015781102052156637,0.0014822585833919363,0.0016938739265487937,87f5489e9d59,87dcf4f,2026,20260914,0.05314059812124166,0.04894135534780509,0.03385687803348768,0.04838285270581338,0.04323504177023245,0.03421881217541267
90,C1,f02_skew,pixel,0.21976167860721615,0.15748738962390013,0.2834284398224852,sample-size-weighted pooled SD of both classes,0.4415688888888889,0.42262869501313166,0.46182434653073434,0.0001713197293811748,0.0016560963955155766,0.0015644635574900761,0.001779916616807744,87f5489e9d59,87dcf4f,2026,20260914,0.15647497783980244,0.16634013903168504,0.8736174752770794,-0.05391473428241388,0.024807994859430804,0.9527185651067007
90,C1,f03_exkurt,pixel,-0.08972033529404878,-0.2032428629057239,-0.009360065346644979,sample-size-weighted pooled SD of both classes,0.5351128888888889,0.5148524243396031,0.5554183133674708,-0.00023927795882486584,0.0005601343616539948,0.0005272096493755325,0.0006048595658366599,87f5489e9d59,87dcf4f,2026,20260914,0.17669750329976114,-0.5549261059222967,1.2826149306770476,0.6320908621948329,-0.4284498633212086,1.6162892265100606
90,C1,f04_grad_mean,pixel,0.25145480352792066,0.17871821541611282,0.3289776365425403,sample-size-weighted pooled SD of both classes,0.40916,0.38826243150911816,0.4302481430330367,0.008639868246011186,0.009275372272157568,0.00896592825243013,0.009598065632954449,87f5489e9d59,87dcf4f,2026,20260914,0.3065307916902319,0.28612461405096334,0.17991504755201104,0.27141217436842535,0.24092596590278437,0.16972291105858767
90,C1,f05_grad_std,pixel,0.22392557245117342,0.15235185839952978,0.2958447862119398,sample-size-weighted pooled SD of both classes,0.41741066666666665,0.3977002243267272,0.43666895431987257,-0.005153046010868342,0.005378192766405056,0.005051519881733398,0.0057466502888747105,87f5489e9d59,87dcf4f,2026,20260914,0.38263651466436066,0.37228409335414925,0.17270805818517765,0.3513706815383676,0.33136240703393216,0.20937420946751434
90,C1,f06_lap_var,pixel,0.4105849030116978,0.33943216187804176,0.482621454126974,sample-size-weighted pooled SD of both classes,0.32321155555555553,0.3044820315725905,0.34245788705580943,0.015976091665239167,0.01755491055188614,0.01562055984531733,0.01933423610489275,87f5489e9d59,87dcf4f,2026,20260914,0.02995391121100636,0.021312611986340803,0.031001526411472788,0.01880428066515505,0.009900646986434402,0.023190316821826356
90,C1,f07_hp_var,pixel,0.37895672005471154,0.30500131959116955,0.4501796807329399,sample-size-weighted pooled SD of both classes,0.3373591111111111,0.31819306406296394,0.3569895119516198,0.01308432925751456,0.014211527562187649,0.013164478187963072,0.015452142408470053,87f5489e9d59,87dcf4f,2026,20260914,0.001301832718852299,0.000958051739260737,0.0013258797779083554,0.0008658088736959679,0.0005011887241491767,0.0010495291884390046
90,C1,f08_low,frequency,-0.15538719229216372,-0.23102464094305536,-0.08468389308539521,sample-size-weighted pooled SD of both classes,0.5636515555555556,0.5442583113755983,0.5843433079453338,-0.0021406213281785214,0.0030338956121642325,0.0029014016230044376,0.0031954308137845584,87f5489e9d59,87dcf4f,2026,20260914,0.7733605336474675,0.8043179795331783,0.19053420053629833,0.7967280982814462,0.8412053657757588,0.19338505424783214
90,C1,f09_mid,frequency,0.033699844030130384,-0.03261731509185207,0.11104951210692113,sample-size-weighted pooled SD of both classes,0.4671831111111111,0.4463325761596019,0.48665179116343377,-0.0010544926391321634,0.0015966024783378363,0.0014908839368372214,0.0017077543012795615,87f5489e9d59,87dcf4f,2026,20260914,0.18170672454730136,0.1630348089791156,0.1495232250766373,0.17764249035923607,0.1439892740425386,0.16477305697411426
90,C1,f10_high,frequency,0.4424932695676903,0.36640448226576317,0.5224246816814475,sample-size-weighted pooled SD of both classes,0.291872,0.2732666212398913,0.3107539672133479,0.009798946295429937,0.010570733903941766,0.010009571134363139,0.011376581004370744,87f5489e9d59,87dcf4f,2026,20260914,0.044932741805231255,0.030619353006847448,0.0459267465560561,0.02562941135931776,0.009719990317995628,0.03053359483768648
90,C1,f11_nyq_ratio,frequency,0.5732516654766596,0.4949795109402554,0.6532479390051491,sample-size-weighted pooled SD of both classes,0.3261911111111111,0.30635863260162305,0.34631157234308085,0.09260453645626562,0.09596314343944261,0.09364730127269287,0.09925161349118579,87f5489e9d59,87dcf4f,2026,20260914,0.31534263631964576,0.3176790920316323,0.09077399232281708,0.26582700221944944,0.25561564507652146,0.13800362669089153
90,C1,f12_slope,frequency,1.0277237566613588,0.9464124720127302,1.1054221645734554,sample-size-weighted pooled SD of both classes,0.2555288888888889,0.23788259888157717,0.27401998726657495,0.03199796111148108,0.03302631875256243,0.03206139744651721,0.03385588673021431,87f5489e9d59,87dcf4f,2026,20260914,-2.7284558487634163,-2.688495068072994,0.6695123080130982,-3.597061586411733,-3.3735471539332726,1.965883776824521
90,C1,f13_aniso,frequency,-0.24255305890872808,-0.3137419894776196,-0.17022338656681252,sample-size-weighted pooled SD of both classes,0.5515777777777777,0.531088643256662,0.5726549159310992,-0.0008297259153207772,0.0021283432549182592,0.0020461968025633935,0.002249275152106016,87f5489e9d59,87dcf4f,2026,20260914,0.4940895521145195,0.43163803923592425,0.3491402533080641,0.573492560036663,0.4703828511834248,0.44670035939807606
90,C1,f14_peak,frequency,0.0024154405188551546,-0.0728475471977929,0.07099455628763549,sample-size-weighted pooled SD of both classes,0.49733733333333335,0.4769269872110353,0.518703657402789,-0.0005204522580190389,0.0010046721929717673,0.0009386590794060182,0.0010646526392960425,87f5489e9d59,87dcf4f,2026,20260914,0.05233840038708339,0.04363902285097186,0.05402777460600012,0.052237547980231794,0.042385634665549794,0.05465145130739902
75,C1,f01_var,pixel,0.17142104124065968,0.10116351469853159,0.24820671829264193,sample-size-weighted pooled SD of both classes,0.44355733333333336,0.4219354498415245,0.4635255639829284,-0.001683649046806934,0.002563048575888051,0.002393194411288395,0.0027122760538497667,87f5489e9d59,87dcf4f,2026,20260914,0.053061097995533546,0.048865551646745164,0.033896607182711876,0.04831143640664653,0.04320477587546587,0.03402086331962906
75,C1,f02_skew,pixel,0.21825289716258636,0.15605860188345672,0.2819614859146011,sample-size-weighted pooled SD of both classes,0.44202933333333333,0.4231166072220133,0.4623222247056013,0.00027336384220407806,0.0025236954910179796,0.0023170544854630095,0.002689374617741437,87f5489e9d59,87dcf4f,2026,20260914,0.15564932438919138,0.16648057881223582,0.869918322772808,-0.053107611519590044,0.029285256004485373,0.950744067741512
75,C1,f03_exkurt,pixel,-0.09090385592111305,-0.20237231059421032,-0.010645864249571205,sample-size-weighted pooled SD of both classes,0.5347746666666666,0.5145821825484374,0.5551586202227315,2.3102094052525076e-05,0.0009455634497069689,0.0008993981283941604,0.0010162837001352557,87f5489e9d59,87dcf4f,2026,20260914,0.17671351818794148,-0.5522979837820892,1.2785166996235549,0.6323438966668967,-0.4305738626228628,1.615193591759784
75,C1,f04_grad_mean,pixel,0.2520259717320825,0.1788713065618111,0.3294464790333083,sample-size-weighted pooled SD of both classes,0.4094728888888889,0.38855046437436735,0.43066931725788365,0.012056106227067386,0.014436829516458966,0.013754650425305475,0.015193274468322734,87f5489e9d59,87dcf4f,2026,20260914,0.3074202549099709,0.28650037221532243,0.18126584500585613,0.27199977739617104,0.2418991371919248,0.1712427171634661
75,C1,f05_grad_std,pixel,0.22510777885843458,0.1533894079312456,0.29715053921271284,sample-size-weighted pooled SD of both classes,0.41705688888888887,0.39725546060398914,0.43626941711135725,-0.01467146325139174,0.014934812835838904,0.014189683178222647,0.015588494226817193,87f5489e9d59,87dcf4f,2026,20260914,0.3811703322435766,0.37160440048151666,0.1730625984178304,0.3499269894885027,0.33081118792323133,0.20897336221731977
75,C1,f06_lap_var,pixel,0.38346510747958357,0.31313536455808383,0.45459216037925887,sample-size-weighted pooled SD of both classes,0.32824444444444445,0.309149805614046,0.3479461941469244,-0.001149073084348277,0.01968099852250082,0.01851411238653188,0.020893353809655783,87f5489e9d59,87dcf4f,2026,20260914,0.02887691002338415,0.0197507287870556,0.029867710438927067,0.018227692036537662,0.009096611198466387,0.021501969432717302
75,C1,f07_hp_var,pixel,0.36315897029494754,0.2923347193423422,0.4339169191621382,sample-size-weighted pooled SD of both classes,0.34119777777777777,0.3216924734776625,0.36087963201004736,0.004000121848974563,0.016234440914253072,0.015413468917765879,0.01703280524156665,87f5489e9d59,87dcf4f,2026,20260914,0.0012828215160921616,0.000915465708093097,0.0013293349269817194,0.0008556374084506212,0.0004732076543433749,0.0010024692223562141
75,C1,f08_low,frequency,-0.15438741214605742,-0.22946504542539073,-0.08360860971057572,sample-size-weighted pooled SD of both classes,0.563172,0.5437128686900683,0.5837561807719465,-0.0002601284376294036,0.003692800955860326,0.003534223849008723,0.0040151334424480215,87f5489e9d59,87dcf4f,2026,20260914,0.7737747568445845,0.8047542956838605,0.19026881499991144,0.7970220762100262,0.8413750340068217,0.19270107772774503
75,C1,f09_mid,frequency,0.034375936710541406,-0.03181352611237658,0.11175127584537757,sample-size-weighted pooled SD of both classes,0.4670142222222222,0.4461410034896464,0.48644438615011276,-0.0019037195318489669,0.0033811635491568185,0.0031546154108911422,0.0035832348901971714,87f5489e9d59,87dcf4f,2026,20260914,0.18150308596175888,0.16278793073837616,0.1491680070423898,0.17736638172369176,0.14378806702336078,0.16427714329741727
75,C1,f10_high,frequency,0.4309991276025872,0.35505674913881363,0.5118830290028024,sample-size-weighted pooled SD of both classes,0.29480844444444443,0.2759373597962008,0.31380124418944594,0.005905817099461233,0.012402842155743225,0.01170353970914084,0.013222161819205668,87f5489e9d59,87dcf4f,2026,20260914,0.044722157193656645,0.029623462965603333,0.04604331856992382,0.025611542066282026,0.009514684861498372,0.03036789229271967
75,C1,f11_nyq_ratio,frequency,0.20116445576443756,0.12068065236388856,0.27335244755955246,sample-size-weighted pooled SD of both classes,0.4254653333333333,0.40562886246233326,0.44813715951899685,0.04416007855025793,0.13115656152842536,0.12510434166993584,0.13757636868398065,87f5489e9d59,87dcf4f,2026,20260914,0.3006651840324345,0.3017886455875496,0.10106370284951477,0.28520449348543553,0.2762337969240878,0.0911443322450404
75,C1,f12_slope,frequency,0.9720914930726211,0.8916419759982653,1.0526259144159955,sample-size-weighted pooled SD of both classes,0.2605711111111111,0.24290047075311133,0.27907469259748285,0.021860525702732628,0.04165423347389296,0.039709406632493165,0.043602321691782624,87f5489e9d59,87dcf4f,2026,20260914,-2.771203702578209,-2.7375579907611423,0.7147119165751028,-3.5285926975212947,-3.4526239319612904,1.668242237633483
75,C1,f13_aniso,frequency,-0.24262430132938423,-0.31406093872518864,-0.17059816837265923,sample-size-weighted pooled SD of both classes,0.5514822222222222,0.5310540072363183,0.5726771361805295,-0.001875925264870018,0.004620028500109313,0.004472599218451133,0.004875399857671047,87f5489e9d59,87dcf4f,2026,20260914,0.49367269101089717,0.43064178242056206,0.34889731136329594,0.5730708004728067,0.46927862716512503,0.4446861669061788
75,C1,f14_peak,frequency,0.0021931090533442946,-0.07309978437185635,0.07028608289412917,sample-size-weighted pooled SD of both classes,0.49748533333333333,0.4771461508746381,0.5189877868227232,5.3704232339918395e-05,0.0014221651699103592,0.0013637589494690132,0.0015188585229367576,87f5489e9d59,87dcf4f,2026,20260914,0.052397558966651006,0.04370502931711581,0.05416644204050104,0.05230592899014696,0.042465467985563665,0.05442381759947883
50,C1,f01_var,pixel,0.16912532176071451,0.09866400626455755,0.24604556271915162,sample-size-weighted pooled SD of both classes,0.4443235555555556,0.4226408500303725,0.46417437135244105,-0.007038982568447285,0.00714384209336877,0.006822756474088783,0.007524736808671664,87f5489e9d59,87dcf4f,2026,20260914,0.052838490592364014,0.048672954052921755,0.03393706914701443,0.04816252330906476,0.04313699253434086,0.03380454755428476
50,C1,f02_skew,pixel,0.21665508991590823,0.15423477066970637,0.28058620525055117,sample-size-weighted pooled SD of both classes,0.44252044444444444,0.4235118641684197,0.46287473809951046,0.00039367497768850047,0.004236781128264255,0.004000593491553053,0.004490725699679134,87f5489e9d59,87dcf4f,2026,20260914,0.1542238225678747,0.16404203970223227,0.8772366438573826,-0.05252628713809698,0.029049869957391283,0.9489598743109451
50,C1,f03_exkurt,pixel,-0.09304371090875237,-0.20287200615807024,-0.013096998535893745,sample-size-weighted pooled SD of both classes,0.5341888888888889,0.5140378699122483,0.5545678261216602,0.00044757466126450936,0.0017395761500510975,0.0016137020202094845,0.0018539300502151766,87f5489e9d59,87dcf4f,2026,20260914,0.17679346682512145,-0.5465598980151589,1.2788274095649081,0.6324482958645327,-0.4262220283287401,1.6197102505762815
50,C1,f04_grad_mean,pixel,0.24875874336583112,0.17558521666589988,0.32605140222232804,sample-size-weighted pooled SD of both classes,0.410888,0.3901574680515146,0.43221760666771175,0.012220995655444291,0.019257750022019977,0.01840930765976067,0.0200049089093968,87f5489e9d59,87dcf4f,2026,20260914,0.3071917548996932,0.28697003796572135,0.18158177340999537,0.2721497658130391,0.24263285247443003,0.17168521307625145
50,C1,f05_grad_std,pixel,0.2212118611513564,0.1492815703280918,0.2933880968199755,sample-size-weighted pooled SD of both classes,0.41822488888888887,0.39853425697520206,0.4375212672319728,-0.0352423190548576,0.0352423190548576,0.03378557446923003,0.036831798509076794,87f5489e9d59,87dcf4f,2026,20260914,0.37777611474846573,0.36790427016701654,0.17090599977772608,0.34742021959008296,0.3286888487391725,0.20690837909607956
50,C1,f06_lap_var,pixel,0.3476790095084735,0.27599629032862394,0.4183631112286151,sample-size-weighted pooled SD of both classes,0.33862933333333334,0.3189034755978908,0.35796630605283974,-0.0773930450820858,0.07822880173172587,0.07317961019453378,0.08349287842530924,87f5489e9d59,87dcf4f,2026,20260914,0.024395747553645084,0.016705023089646345,0.024651107004040895,0.01601249567577088,0.00817870702223255,0.017548093897379616
50,C1,f07_hp_var,pixel,0.32994931122524307,0.2580939540775469,0.4018241991538398,sample-size-weighted pooled SD of both classes,0.35060444444444444,0.33105035758792695,0.370319970505582,-0.05446384633718399,0.05578697327744039,0.0523794053602222,0.05990581620485825,87f5489e9d59,87dcf4f,2026,20260914,0.0011469300942526038,0.0008111620215193881,0.0011808428618414134,0.0007879901699667745,0.0004367842500953996,0.0008907625729764934
50,C1,f08_low,frequency,-0.14668304052478653,-0.22173135718194806,-0.0762382455566967,sample-size-weighted pooled SD of both classes,0.5608688888888889,0.541091780614273,0.5816905883935548,0.008627333566816178,0.009746156448400944,0.009357280667058248,0.01040578509698628,87f5489e9d59,87dcf4f,2026,20260914,0.7763830694675644,0.806808556159937,0.19010986948309627,0.7983529513028734,0.8415861523526682,0.19145525718474055
50,C1,f09_mid,frequency,0.03913562984895221,-0.027055073023000926,0.11655905633676274,sample-size-weighted pooled SD of both classes,0.4660533333333333,0.4451046501364978,0.485455799401318,-0.00013009068037652841,0.005750299254471649,0.005356108079171193,0.006056367453942324,87f5489e9d59,87dcf4f,2026,20260914,0.18232845758945826,0.16395461925929394,0.1500066195524638,0.177600360215875,0.1442478675126794,0.16519652838621635
50,C1,f10_high,frequency,0.40606368006391846,0.33069627065138146,0.4846693396610631,sample-size-weighted pooled SD of both classes,0.30123155555555553,0.2819681209044135,0.32071470441198013,-0.024077218818757132,0.03070167950530276,0.029414798980623918,0.032761932072905085,87f5489e9d59,87dcf4f,2026,20260914,0.04128847294297726,0.02684739306692183,0.04223805134607974,0.02404668848125158,0.00857480451693867,0.027043677389303772
50,C1,f11_nyq_ratio,frequency,-0.2625109320630261,-0.3382927810374192,-0.19302284429248687,sample-size-weighted pooled SD of both classes,0.5808008888888889,0.5619306819085257,0.6018570374923271,-0.19806518803264558,0.3925461735726992,0.37526910293147225,0.41381255918080245,87f5489e9d59,87dcf4f,2026,20260914,0.2686490015546553,0.26324758497191403,0.08564270504280766,0.2869468276362289,0.2858930625029119,0.10558129605051383
50,C1,f12_slope,frequency,0.8990125983621778,0.8181299733622364,0.9799574716461525,sample-size-weighted pooled SD of both classes,0.2666897777777778,0.24900526438905138,0.2847833947101752,-0.05434300250143925,0.1275468982681729,0.1184555281239471,0.1358129944419249,87f5489e9d59,87dcf4f,2026,20260914,-2.8964950434396255,-2.886455073015375,0.7369476578073333,-3.5194410580118007,-3.5443384145158117,1.298531326179801
50,C1,f13_aniso,frequency,-0.24301874265320172,-0.3146210390234369,-0.17215997821499152,sample-size-weighted pooled SD of both classes,0.551804,0.5313508097831058,0.5726652530258581,-0.004737831790951626,0.00886922730009701,0.008511495753504435,0.009251981120849039,87f5489e9d59,87dcf4f,2026,20260914,0.49243608237411307,0.4307195496074179,0.3482167405544736,0.5717838543029875,0.46986240295593606,0.44824696207624676
50,C1,f14_peak,frequency,0.004706401346874499,-0.07067570503335531,0.0726657378117799,sample-size-weighted pooled SD of both classes,0.4968457777777778,0.4765581501066209,0.5183217965266446,0.002269089470605066,0.0030707074027235296,0.0029043149505828094,0.0032294580541635753,87f5489e9d59,87dcf4f,2026,20260914,0.0526063119370421,0.04393954498529686,0.054181562487774,0.05240938847615445,0.042547475827229134,0.05444387190560897
