exp,arm,C,threshold,val_auroc,n_train,n_val,n_test,config_hash,code_version,seed_split,seed_bootstrap
E1,pixel,10.0,0.1764322153248354,0.6716333333333333,1800,600,600,87f5489e9d59,87dcf4f,2026,20260914
E1,frequency,1.0,0.6500349596998969,0.7523222222222222,1800,600,600,87f5489e9d59,87dcf4f,2026,20260914
E1,combined,1.0,0.3160824343418406,0.7844888888888889,1800,600,600,87f5489e9d59,87dcf4f,2026,20260914
E2,pixel,10.0,0.28238935245782526,0.6443888888888889,1800,600,600,87f5489e9d59,87dcf4f,2026,20260914
E2,frequency,10.0,0.13549387051779174,0.7581777777777777,1800,600,600,87f5489e9d59,87dcf4f,2026,20260914
E2,combined,1.0,0.08773963862117956,0.7912111111111111,1800,600,600,87f5489e9d59,87dcf4f,2026,20260914
E3_q90,pixel,10.0,0.06647419150822637,0.6663666666666667,1800,600,600,87f5489e9d59,87dcf4f,2026,20260914
E3_q90,frequency,1.0,0.236291220724194,0.7494777777777778,1800,600,600,87f5489e9d59,87dcf4f,2026,20260914
E3_q90,combined,10.0,0.12186882909940946,0.7723555555555556,1800,600,600,87f5489e9d59,87dcf4f,2026,20260914
E3_q75,pixel,10.0,0.0926818336936306,0.6556555555555555,1800,600,600,87f5489e9d59,87dcf4f,2026,20260914
E3_q75,frequency,0.01,0.16028295341114954,0.7518,1800,600,600,87f5489e9d59,87dcf4f,2026,20260914
E3_q75,combined,1.0,0.056037748994013675,0.7714555555555556,1800,600,600,87f5489e9d59,87dcf4f,2026,20260914
E3_q50,pixel,10.0,0.12201440301537908,0.6512,1800,600,600,87f5489e9d59,87dcf4f,2026,20260914
E3_q50,frequency,0.01,0.2418359507123014,0.7516666666666667,1800,600,600,87f5489e9d59,87dcf4f,2026,20260914
E3_q50,combined,10.0,0.23237292463950526,0.7725333333333333,1800,600,600,87f5489e9d59,87dcf4f,2026,20260914
E4,pixel,10.0,0.3020535631371827,0.76215,1500,500,600,87f5489e9d59,87dcf4f,2026,20260914
E4,frequency,10.0,-0.38041397381064945,0.8718333333333333,1500,500,600,87f5489e9d59,87dcf4f,2026,20260914
E4,combined,1.0,-0.34307929251509595,0.8910833333333333,1500,500,600,87f5489e9d59,87dcf4f,2026,20260914
E5,pixel,10.0,0.1676047069987981,0.7404,1500,500,600,87f5489e9d59,87dcf4f,2026,20260914
E5,frequency,10.0,-0.056518173634199365,0.8717666666666667,1500,500,600,87f5489e9d59,87dcf4f,2026,20260914
E5,combined,1.0,0.03552961933570723,0.8845666666666666,1500,500,600,87f5489e9d59,87dcf4f,2026,20260914
