feature,C0,q90,q75,q50
f01_var,0.16996238186283266,0.1714758177005029,0.1714210412406597,0.16912532176071451
f02_skew,0.22406295747062333,0.21976167860721618,0.21825289716258636,0.21665508991590823
f03_exkurt,-0.09026800171633488,-0.08972033529404878,-0.09090385592111305,-0.09304371090875235
f04_grad_mean,0.24668593068231887,0.2514548035279207,0.2520259717320825,0.24875874336583112
f05_grad_std,0.21647329793884884,0.22392557245117342,0.22510777885843458,0.2212118611513564
f06_lap_var,0.40463578300942504,0.4105849030116978,0.38346510747958357,0.3476790095084735
f07_hp_var,0.37095891063409686,0.37895672005471154,0.36315897029494754,0.32994931122524307
f08_low,-0.15371962809631698,-0.15538719229216372,-0.15438741214605742,-0.14668304052478653
f09_mid,0.03446382688257142,0.033699844030130384,0.034375936710541406,0.03913562984895221
f10_high,0.4405515490475262,0.44249326956769036,0.4309991276025872,0.40606368006391846
f11_nyq_ratio,0.7966275518623841,0.5732516654766596,0.20116445576443756,-0.2625109320630261
f12_slope,1.0745184365350005,1.0277237566613588,0.972091493072621,0.8990125983621778
f13_aniso,-0.24257286303043493,-0.24255305890872808,-0.2426243013293842,-0.24301874265320172
f14_peak,0.0029365060573310854,0.002415440518855155,0.0021931090533442946,0.004706401346874499
