feature,biggan,sd_v1_4,adm,all
f01_var,0.334744,0.5164146666666667,0.4809853333333333,0.444048
f02_skew,0.43510533333333334,0.461536,0.42384266666666665,0.44016133333333335
f03_exkurt,0.5870706666666666,0.507004,0.514464,0.5361795555555555
f04_grad_mean,0.23747866666666667,0.588504,0.404888,0.4102902222222222
f05_grad_std,0.10348933333333334,0.6164693333333333,0.5396466666666667,0.41986844444444443
f06_lap_var,0.015137333333333333,0.5489693333333333,0.4069333333333333,0.32368
f07_hp_var,0.020492,0.558348,0.4372506666666667,0.3386968888888889
f08_low,0.6510466666666667,0.41347066666666665,0.625376,0.5632977777777778
f09_mid,0.41308266666666665,0.5996133333333333,0.3883106666666667,0.4670022222222222
f10_high,0.029952,0.51348,0.32886533333333334,0.2907657777777778
f11_nyq_ratio,0.009133333333333334,0.37251866666666666,0.5148493333333334,0.29883377777777775
f12_slope,0.004232,0.3966693333333333,0.3614826666666667,0.254128
f13_aniso,0.5267266666666667,0.59294,0.5350533333333334,0.5515733333333334
f14_peak,0.5240986666666667,0.43438933333333335,0.5329226666666667,0.4971368888888889
